"Keywords","Average Searches","Average Clicks","CTR","Competition","KD","Tag Occurrences","Character Count","Google Searches"
"realtor gift",1000,1004,100,78252,"95","47","12",2900
"realtor gift for buyer",86,127,148,3104,"78","0","22","N/A"
"realtor gift key chain",44,64,145,347,"45","0","22","N/A"
"realtor",3047,3749,123,124937,"81","3","7",3350000
"realtor gifts",889,863,97,78183,"97","12","13",2900
"realtor marketing",746,884,118,35877,"84","6","17",2900
"realtor farming",46,63,137,5372,"100","1","15",70
"realtor branding",8,1,13,15312,"100","3","16",720
"realtor pen",8,0,0,424,"86","1","11",70
"realtor template",8,3,38,38945,"100","1","16","N/A"
"realtor shirt",8,1,13,9075,"100","1","13",390
"realtor apparel",6,1,17,2206,"100","1","15",140
"realtor sticker",3,0,0,4959,"100","2","15","N/A"
"realtor printables",2,0,0,7926,"100","1","18",0
"realtor referral",1,0,0,3244,"100","3","16","N/A"
"realtor closing",1,0,0,35922,"100","3","15","N/A"
"realtor ornament",1,0,0,9975,"100","2","16","N/A"
"realtor graduation",1,0,0,1691,"100","1","18","N/A"
"realtor plaque",1,0,0,0,"","1","14","N/A"
"realtor tags",1,0,0,7972,"100","1","12","N/A"
"realtor thanks",0,0,0,780,"","2","14","N/A"
"realtor humor",0,0,0,0,"","2","13","N/A"
"realtor favor",0,0,0,1987,"","1","13","N/A"
"licensed realtor",0,0,0,851,"","1","16","N/A"
"realtor tag",0,0,0,7880,"","1","11","N/A"
"realtor appreciation",0,0,0,3485,"","1","20","N/A"
"realtor life",0,0,0,3405,"","1","12","N/A"
"funny realtor",0,0,0,8988,"","1","13","N/A"
"realtor closing gift",1284,1444,112,36611,"73","10","20",880
"realtor gift tags",8,5,63,6535,"100","2","17","N/A"
"gift for realtor",8,1,13,78059,"100","1","16",2900
"realtor gift basket",4,0,0,1624,"100","7","19","N/A"
"realtor gift box",4,0,0,1867,"100","7","16",10
"realtor client gift",4,0,0,10580,"100","1","19",390
"custom realtor gift",2,0,0,36524,"100","6","19",0
"gift from realtor",2,0,0,5393,"100","5","17","N/A"
"realtor gift bag",2,0,0,3034,"100","2","16",0
"realtor gift tag",1,0,0,5894,"100","16","16","N/A"
"funny realtor gift",1,0,0,8028,"100","3","18","N/A"
"realtor gift idea",1,0,0,5467,"100","1","17","N/A"
"realtor fall gift",1,0,0,1858,"100","1","17","N/A"
"realtor gift wrap",0,0,0,0,"","2","17","N/A"
"realtor gift buyer",0,0,0,3113,"","2","18","N/A"
"realtor gift seller",0,0,0,1224,"","2","19","N/A"
"realtor gift sold",0,0,0,2414,"","2","17","N/A"
"luxury realtor gift",0,0,0,0,"","2","19","N/A"
"realtor gift boxes",0,0,0,1867,"","1","18","N/A"
"realtor custom gift",0,0,0,30800,"","1","19","N/A"
"welcome realtor gift",0,0,0,0,"","1","20","N/A"
"realtor gift  client",0,0,0,0,"","1","20","N/A"
"realtor gift pen",0,0,0,0,"","1","16","N/A"
"easter realtor gift",0,0,0,0,"","1","19","N/A"
"realtor gift client",0,0,0,9091,"","1","19","N/A"
"realtor gift 2026",0,0,0,0,"","1","17","N/A"
"new realtor gift",0,0,0,25814,"","1","16","N/A"
"realtor pop by gift",23,26,113,4770,"100","5","19",0
"realtor pop by",2,0,0,6701,"100","4","14","N/A"
"realtor thank you",2,0,0,5898,"100","3","17","N/A"
"welcome home realtor",1,0,0,8186,"100","1","20","N/A"
"fall realtor tag",0,0,0,1055,"","3","16","N/A"
"tags for realtor",0,0,0,7926,"","1","16","N/A"
"realtor closing box",0,0,0,806,"","1","19","N/A"
"realtor swag box",0,0,0,0,"","1","16","N/A"
"realtor wine bottle",0,0,0,0,"","1","19","N/A"
"holiday tags realtor",0,0,0,0,"","1","20","N/A"
"realtor wine tag",0,0,0,483,"","1","16","N/A"
"worlds best realtor",0,0,0,153,"","1","19","N/A"
"realtor pop by tag",0,0,0,4607,"","1","18","N/A"
"4th of july realtor",0,0,0,457,"","1","19","N/A"
"personalized gift",63547,67269,106,5573446,"97","7","17",110000
"wedding gift",21686,20987,97,2719345,"100","6","12",33100
"anniversary gift",15665,16034,102,1692772,"100","6","16",49500
"housewarming gift",13998,15756,113,1468837,"100","38","17",74000
"birthday gift",13188,14327,109,6286682,"100","5","13",49500
"engagement gift",10488,12127,116,679620,"91","5","15",33100
"teacher gift",6113,5936,97,1484871,"100","2","12",22200
"christmas gift",6102,6792,111,7614738,"100","2","14",90500
"home gift",3720,4629,124,12238983,"100","1","9",4400
"bridesmaid gift",3483,3834,110,573517,"100","1","15",14800
"gift basket",2708,3124,115,215045,"95","2","11",90500
"couple gift",2433,3073,126,749490,"100","2","11",9900
"gift boxes",2462,2825,115,704666,"100","1","10",60500
"retirement gift",2405,2450,102,217374,"98","3","15",33100
"couples gift",2100,2209,105,748149,"100","2","12",9900
"gift tag",1703,2249,132,1440365,"100","7","8",8100
"gift bags",1640,1925,117,1945916,"100","1","9",33100
"grief gift",1369,1272,93,82106,"89","1","10",2400
"gift wrap",974,1143,117,678518,"100","4","9",14800
"hostess gift",879,840,96,239134,"100","9","12",8100
"gift bag",896,1264,141,1946700,"100","4","8",33100
"corporate gift",872,528,61,54980,"90","1","14",6600
"gift set",865,1123,130,1719778,"100","1","8",22200
"wine gift",652,781,120,289555,"100","1","9",6600
"coworker gift",581,492,85,355309,"100","3","13",14800
"friendship gift",563,451,80,742930,"100","1","15",1900
"candle gift",523,653,125,538506,"100","1","11",2400
"thanksgiving gift",469,432,92,527984,"100","3","17","N/A"
"boss gift",418,424,101,146163,"100","1","9",6600
"appreciation gift",214,171,80,731390,"100","1","17",480
"gift wrapping",102,112,110,374898,"100","1","13",14800
"architect gift",46,63,137,9115,"100","1","14",1300
"minimalist gift",93,23,25,1822525,"100","1","15",720
"closing gift",13,5,38,80491,"100","14","12",590
"client gift",24,33,138,28687,"100","6","11","N/A"
"moving gift",10,1,10,95580,"100","4","11",1000
"homeowners gift",1,0,0,27408,"100","4","15","N/A"
"agent gift",0,0,0,27860,"","3","10","N/A"
"seller gift",0,0,0,84383,"","2","11","N/A"
"broker gift",2,0,0,7463,"100","2","11","N/A"
"champagne gift",4,0,0,61072,"100","2","14","N/A"
"construction gift",3,0,0,33802,"100","1","17",210
"celebration gift",2,0,0,246693,"100","1","16","N/A"
"homebuyers gift",0,0,0,0,"","1","15","N/A"
"homebuyer gift",1,0,0,1007,"100","1","14","N/A"
"nut gift",0,0,0,22509,"","1","8","N/A"
"welcome gift",28,39,139,329452,"100","1","12","N/A"
"gift idea",3,0,0,2692818,"100","1","9","N/A"
"referral gift",0,0,0,3737,"","1","13","N/A"
"enagement gift",0,0,0,395,"","1","14","N/A"
"settlement gift",0,0,0,319,"","1","15","N/A"
"patriotic gift",3,0,0,279015,"100","1","14","N/A"
"gift for couple",3974,4412,111,749045,"100","1","15",9900
"home decor gift",3928,4877,124,8722181,"100","1","15",1600
"new home gift",3048,2948,97,789942,"100","12","13",8100
"house warming gift",3005,3011,100,120829,"80","4","18",74000
"40th birthday gift",1874,1888,101,58327,"75","3","18",4400
"gift card holder",1803,1886,105,122003,"92","2","16",8100
"christmas gift box",1725,2479,144,189007,"100","2","18",12100
"thank you gift",1114,1214,109,451014,"100","6","14",9900
"wedding gift box",803,896,112,117212,"100","1","16",1300
"coffee lover gift",779,969,124,609485,"100","1","17",2400
"first home gift",695,672,97,454977,"100","16","15",590
"gift wrapping paper",614,604,98,360754,"100","1","19",33100
"birthday gift basket",366,281,77,42549,"100","3","20",4400
"new house gift",316,312,99,88409,"100","1","14",1300
"holiday gift basket",311,335,108,23090,"94","3","19","N/A"
"christmas gift tag",305,298,98,267798,"100","1","18",6600
"new job gift",256,242,95,35214,"100","1","12",1300
"cozy gift box",257,275,107,11954,"83","1","13",90
"custom gift box",228,270,118,142364,"100","1","15",1000
"hygge gift box",216,314,145,4939,"68","4","14","N/A"
"holiday gift box",213,211,99,75834,"100","4","16","N/A"
"secret santa gift",213,198,93,132671,"100","2","17",8100
"teacher gift box",204,198,97,21856,"100","2","16",390
"gift for family",198,183,92,1808579,"100","5","15","N/A"
"winter gift basket",182,268,147,4380,"69","3","18","N/A"
"corporate gift box",180,259,144,6268,"77","1","18",720
"welcome home gift",123,178,145,171036,"100","1","17",1300
"wine lover gift",124,171,138,77764,"100","1","15","N/A"
"halloween gift tags",110,107,97,86683,"100","2","19","N/A"
"custom gift wrap",98,94,96,75331,"100","4","16",18100
"coffee gift basket",92,18,20,7488,"96","1","18",4400
"tumbler gift box",88,0,0,7217,"96","1","16","N/A"
"tea gift set",78,109,140,63980,"100","3","12",6600
"christmas gift sets",52,52,100,368222,"100","1","19","N/A"
"gift for couples",50,45,90,743147,"100","6","16",1000
"luxury gift box",45,58,129,12893,"100","1","15",1300
"client gift box",19,27,142,2479,"100","1","15",170
"gift wrap paper",18,20,111,248154,"100","2","15","N/A"
"real estate gift",9,1,11,41430,"100","11","16",210
"new apartment gift",8,1,13,18277,"100","4","18","N/A"
"gift for clients",9,13,144,27180,"100","3","16","N/A"
"new homeowner gift",8,1,13,22826,"100","2","18",1300
"custom gift bag",7,1,14,429673,"100","1","15",320
"birthday gift bags",7,1,14,372545,"100","1","18",2400
"printable gift tag",8,1,13,249131,"100","1","18",1900
"christmas gift idea",9,5,56,685907,"100","1","19","N/A"
"house closing gift",3,0,0,23536,"100","5","18",590
"closing day gift",3,0,0,12029,"100","5","16",0
"home owner gift",3,0,0,178437,"100","3","15","N/A"
"seller closing gift",4,0,0,875,"100","3","19",30
"wine gift bag",3,0,0,20328,"100","3","13","N/A"
"christmas party gift",3,0,0,1233449,"100","3","20","N/A"
"new years gift",4,0,0,33325,"100","3","14","N/A"
"home closing gift",3,0,0,64548,"100","2","17",50
"home builder gift",3,0,0,4015,"100","1","17","N/A"
"custom company gift",3,0,0,22517,"100","1","19",0
"custom office gift",3,0,0,283369,"100","1","18","N/A"
"cute gift wrap",3,0,0,58771,"100","1","14","N/A"
"coworker gift box",5,1,20,8618,"100","1","17",10
"editable gift tag",3,0,0,108423,"100","1","17",110
"mortgage broker gift",3,0,0,1294,"100","1","20","N/A"
"wedding gift idea",5,1,20,166398,"100","1","17",27100
"custom home gift",3,0,0,2748301,"100","1","16",880
"home buyer gift",2,0,0,5644,"100","4","15","N/A"
"cookie gift tag",1,0,0,36110,"100","3","15",50
"gift for client",2,0,0,25187,"100","2","15","N/A"
"new homebuyer gift",0,0,0,0,"","2","18","N/A"
"unique gift wrap",2,0,0,80752,"100","2","16",210
"holiday gift giving",0,0,0,13089,"","2","19","N/A"
"referrals gift tag",0,0,0,3135,"","2","18","N/A"
"pop by gift",0,0,0,230306,"","2","11","N/A"
"closing gift box",2,0,0,1700,"100","1","16","N/A"
"buyer closing gift",2,0,0,2928,"100","1","18","N/A"
"sunflower seeds gift",0,0,0,1973,"","1","20","N/A"
"congrats gift tag",0,0,0,1778,"","1","17","N/A"
"house gift tag",0,0,0,12057,"","1","14","N/A"
"sending hugs gift",0,0,0,3075,"","1","17","N/A"
"client closing gift",1,0,0,3880,"100","1","19","N/A"
"branded gift box",1,0,0,336,"100","1","16","N/A"
"branded gift boxes",0,0,0,344,"","1","18","N/A"
"gift boxes realtors",0,0,0,0,"","1","19","N/A"
"cozy hygge gift",0,0,0,8593,"","1","15","N/A"
"lender gift bag",0,0,0,0,"","1","15","N/A"
"forever house gift",0,0,0,0,"","1","18","N/A"
"1st apartment gift",1,0,0,715,"100","1","18","N/A"
"custom lender gift",0,0,0,0,"","1","18","N/A"
"wrap homebuyer gift",0,0,0,0,"","1","19","N/A"
"branded client gift",0,0,0,279,"","1","19","N/A"
"the gift bag",0,0,0,1719615,"","1","12","N/A"
"couple home gift",2,0,0,309471,"100","1","16","N/A"
"nuts gift tag",1,0,0,397,"100","1","13","N/A"
"patriotic gift tag",0,0,0,8893,"","1","18","N/A"
"home gift wrap",0,0,0,0,"","1","14","N/A"
"custom broker gift",0,0,0,1680,"","1","18","N/A"
"business office gift",0,0,0,30210,"","1","20","N/A"
"boho gift tag",1,0,0,23379,"100","1","13","N/A"
"gift basket tag",1,0,0,23317,"100","1","15","N/A"
"closing gift tag",0,0,0,1796,"","1","16","N/A"
"home gift basket",1,0,0,108412,"100","1","16",140
"moving gift tag",0,0,0,4733,"","1","15","N/A"
"boho gift wrap",2,0,0,81942,"100","1","14",90
"scandi gift wrap",0,0,0,286,"","1","16","N/A"
"closing table gift",0,0,0,0,"","1","18","N/A"
"moving day gift",0,0,0,13538,"","1","15","N/A"
"branded gift bag",0,0,0,0,"","1","16","N/A"
"branded gift bags",1,0,0,0,"","1","17","N/A"
"logo gift bag",0,0,0,11781,"","1","13","N/A"
"cocktail kit gift",2,0,0,2690,"100","1","17","N/A"
"spring seed gift",0,0,0,0,"","1","16","N/A"
"popcorn gift tag",1,0,0,4827,"100","1","16","N/A"
"fall gift tag",1,0,0,46544,"100","1","13","N/A"
"autumn gift tag",0,0,0,16749,"","1","15","N/A"
"hand crafted gift",0,0,0,170662,"","1","17","N/A"
"new homeowners gift",2,0,0,20700,"100","1","19",1300
"premium closing gift",0,0,0,0,"","1","20","N/A"
"business gift tag",0,0,0,18473,"","1","17","N/A"
"popby gift tag",0,0,0,1574,"","1","14","N/A"
"laser engraved gift",2,0,0,130035,"100","1","19","N/A"
"housewarming 3d gift",0,0,0,19120,"","1","20","N/A"
"first house gift",2,0,0,34308,"100","1","16","N/A"
"gift for hosts",1,0,0,47692,"100","1","14",1900
"referrals gift tags",1,0,0,0,"","1","19","N/A"
"luxury closing gift",1,0,0,227,"100","1","19","N/A"
"bluebird gift tags",0,0,0,0,"","1","18","N/A"
"gift from clients",0,0,0,1249,"","1","17","N/A"
"gift box for her",1324,1663,126,99306,"94","1","16",260
"gift basket for her",566,692,122,27863,"85","1","19",720
"new home gift basket",288,262,91,6682,"68","3","20",590
"thank you gift box",140,137,98,27957,"100","2","18",590
"new home gift box",135,191,141,17193,"100","7","17",40
"gift box for couples",113,165,146,13422,"100","2","20",40
"new home owner gift",6,1,17,26446,"100","5","19","N/A"
"custom wine gift bag",3,0,0,3138,"100","1","20",30
"home sweet home gift",3,0,0,93084,"100","1","20","N/A"
"gift box for family",1,0,0,14454,"100","2","19","N/A"
"thank you gift set",2,0,0,42649,"100","2","18",90
"new house gift box",0,0,0,1780,"","4","18","N/A"
"fall pop by gift",0,0,0,2540,"","3","16","N/A"
"wine labels for gift",0,0,0,25468,"","3","20","N/A"
"thank you wine gift",0,0,0,5543,"","3","19","N/A"
"new home gift wrap",0,0,0,6208,"","2","18","N/A"
"new house gift wrap",0,0,0,462,"","2","19","N/A"
"pop by gift tag",0,0,0,19511,"","1","15","N/A"
"new home gift bag",0,0,0,6650,"","1","17","N/A"
"home buyer gift bag",0,0,0,0,"","1","19","N/A"
"helping me grow gift",0,0,0,2757,"","1","20","N/A"
"moscow mule gift set",0,0,0,182,"","1","20","N/A"
"our home sign gift",0,0,0,13890,"","1","18","N/A"
"4th july gift tags",0,0,0,3245,"","1","18","N/A"
"closing day gift for",0,0,0,10830,"","1","20","N/A"
"gift for her and him",0,0,0,1338380,"","3","20","N/A"
"christmas",41528,60366,145,12791009,"100","1","9",1000000
"home decor",41085,41787,102,24385803,"100","1","10",165000
"personalized",28019,30066,107,6968219,"100","1","12",40500
"wall decor",23105,25039,108,16572292,"100","1","10",49500
"gifts for her",20649,22438,109,5405483,"100","1","13",33100
"personalized gifts",17099,17564,103,5572188,"100","1","18",110000
"engagement gifts",15810,16205,102,678387,"82","3","16",33100
"digital download",15593,18870,121,8592990,"100","1","16",2900
"fall",11698,15946,136,3016904,"100","1","4",301000
"canva template",9312,9634,103,1135712,"100","1","14",22200
"christmas ornament",8575,12005,140,2050300,"100","2","18",110000
"home",8433,7127,85,33446031,"100","1","4",1830000
"bachelorette",8329,10099,121,685512,"96","1","12",165000
"canva",8278,10126,122,1240771,"100","1","5",24900000
"printable",8214,9065,110,6546736,"100","1","9",246000
"desk decor",8043,8754,109,306450,"79","2","10",6600
"personalized home",7668,6839,89,3301344,"100","1","17",140
"wrapping paper",6788,8638,127,380245,"87","6","14",60500
"comfort colors",6341,7231,114,1691430,"100","1","14",60500
"candle holder",6103,7199,118,181043,"74","1","13",40500
"real estate",3621,3957,109,109557,"74","5","11",368000
"custom ornament",3624,4627,128,819881,"100","1","15",14800
"corporate gifts",3230,3535,109,54978,"62","1","15",6600
"paper",3033,3246,107,16337710,"100","1","5",201000
"christmas mug",2905,3713,128,528466,"100","1","13",22200
"housewarming gifts",2700,2588,96,1465993,"100","3","18",74000
"name tag",2682,3250,121,206334,"94","2","8",40500
"thank you gifts",2632,2765,105,450751,"100","3","15",9900
"teacher appreciation",2613,2920,112,451989,"100","1","20",14800
"jewelry holder",2483,2548,103,102578,"81","1","14",14800
"custom painting",2485,2607,105,163959,"91","1","15",5400
"50th birthday",2420,2393,99,88908,"78","3","13",9900
"vinyl sticker",2401,2122,88,976296,"100","2","13",22200
"wedding party favors",2408,2717,113,319802,"100","1","20",5400
"funny sticker",2298,2878,125,341950,"100","2","13",49500
"client gifts",2212,2176,98,28667,"56","3","12","N/A"
"housewarming",1872,2018,108,2379852,"100","3","12",9900
"portrait from photo",1709,1724,101,84629,"85","4","19",320
"money holder",1665,1783,107,51356,"74","1","12",1900
"personalized bag",1615,1950,121,540618,"100","1","16",2400
"new home gifts",1581,1584,100,788352,"100","1","14",8100
"house warming",1554,1770,114,133381,"97","6","13",9900
"friends",1490,1787,120,949074,"100","2","7",823000
"dining room wall art",1408,1412,100,1965298,"100","1","20",4400
"new home",1365,1511,111,1288184,"100","7","8",27100
"new home ornament",1357,1440,106,214819,"100","4","17",1600
"engraved gifts",1251,1412,113,572381,"100","1","14",2900
"custom tote bags",1244,1235,99,121714,"100","1","16",18100
"halloween treat tag",1197,1197,100,32276,"72","2","19",140
"painting from photo",1192,1261,106,32708,"72","1","19",480
"first home ornament",903,951,105,278637,"100","1","19",1000
"care package for her",853,819,96,13476,"60","2","20",140
"first christmas",836,1114,133,454517,"100","1","15","N/A"
"custom wine label",723,722,100,13435,"63","5","17",2400
"wine labels",693,688,99,35997,"86","2","11",3600
"personalized sticker",698,701,100,229777,"100","2","20",880
"wine label",685,728,106,36246,"86","3","10",3600
"wine bag",609,721,118,25637,"81","3","8",6600
"instant download",625,827,132,3673189,"100","3","16",260
"pumpkin spice",648,911,141,171382,"100","2","13",33100
"water bottle sticker",625,611,98,387910,"100","2","20",12100
"home sweet home",571,547,96,249179,"100","10","15",49500
"christmas printables",588,732,124,701379,"100","1","20","N/A"
"house portrait",533,505,95,31402,"89","6","14",720
"christmas basket",537,702,131,55591,"100","1","16",12100
"house ornament",558,730,131,72451,"100","1","14",880
"our first home",520,718,138,72413,"100","2","14",210
"open house",516,571,111,24350,"84","2","10",40500
"laptop sticker",494,673,136,764654,"100","2","14",8100
"personalized tote",523,600,115,123350,"100","1","17",1300
"wine gifts",451,472,105,289316,"100","1","10",6600
"first home",467,556,119,602589,"100","1","10",1600
"custom party favors",474,644,136,312425,"100","1","19",6600
"smells like candle",480,615,128,38965,"95","1","18",390
"closing gifts",439,453,103,79404,"100","3","13",590
"christmas box",418,564,135,279378,"100","1","13","N/A"
"our first christmas",418,549,131,73236,"100","1","19","N/A"
"wine bottle label",413,415,100,19111,"83","1","17",1900
"personalized map",407,400,98,68043,"100","1","16",590
"welcome home",393,309,79,375939,"100","1","12",74000
"elegant",388,462,119,1157538,"100","1","7",60500
"secret santa",347,371,107,139450,"100","1","12","N/A"
"custom house sign",297,292,98,59224,"100","2","17",210
"sold sign",300,292,97,4845,"60","2","9",2900
"teacher christmas",292,276,95,369533,"100","1","17",110
"personalized clock",301,293,97,12853,"82","1","18",720
"house painting",232,289,125,116394,"100","5","14",12100
"halloween tag",246,248,101,155734,"100","2","13","N/A"
"christmas tree decor",244,309,127,1088834,"100","1","20","N/A"
"minimalist decor",233,274,118,1325482,"100","1","16",2400
"real estate gifts",197,188,95,41132,"100","2","17",210
"custom home decor",208,201,97,2699847,"100","1","17","N/A"
"new house",174,92,53,125125,"100","5","9",14800
"custom watercolor",158,176,111,164414,"100","1","17",590
"real estate agent",129,155,120,43474,"100","7","17",246000
"home portrait",117,165,141,1110572,"100","5","13","N/A"
"custom home portrait",128,136,106,232420,"100","2","20","N/A"
"diy craft kit",136,146,107,470387,"100","1","13",2900
"personalize ornament",128,189,148,875437,"100","1","20","N/A"
"laser cut wood",137,145,106,183953,"100","1","14",9900
"wooden decor",114,109,96,586822,"100","1","12",2900
"wood clock",112,100,89,20324,"100","1","10",3600
"custom wall clock",108,101,94,10640,"100","1","17",880
"new apartment",133,189,142,23777,"100","1","13",9900
"watercolor house",125,128,102,70001,"100","1","16",1900
"moving",139,184,132,161691,"100","1","6",110000
"bird lover",106,99,93,158804,"100","1","10",590
"thank you box",99,94,95,30637,"100","1","13",480
"appreciation",86,28,33,803823,"100","1","12",60500
"thanksgiving tags",102,100,98,29700,"100","1","17","N/A"
"printed",103,119,116,13270624,"100","1","7",201000
"eastern bluebird",90,29,32,1593,"62","1","16","N/A"
"holiday box",33,45,136,82073,"100","2","11","N/A"
"wine bottle tag",39,20,51,15347,"100","2","15",260
"branded boxes",28,35,125,779,"72","1","13","N/A"
"thank you basket",24,1,4,8787,"100","1","16",1600
"custom wine tumblers",32,39,122,20933,"100","1","20",880
"custom beer labels",24,33,138,1735,"93","1","18",480
"natural wood",48,20,42,131576,"100","1","12","N/A"
"custom design",26,23,88,860124,"100","1","13",5400
"client appreciation",3,0,0,6783,"100","8","19",260
"popby tags",0,0,0,2009,"","6","10","N/A"
"printable pop by tag",0,0,0,7211,"","6","20","N/A"
"referral thank you",0,0,0,1863,"","6","18","N/A"
"housewarming party",7,1,14,227146,"100","6","18","N/A"
"new homeowners",2,0,0,25741,"100","5","14","N/A"
"fall pop by tag",0,0,0,1479,"","5","15","N/A"
"our first home sign",4,0,0,2994,"100","4","19","N/A"
"home sweet home sign",9,1,11,29235,"100","4","20",1900
"watercolor home",2,0,0,1166154,"100","4","15","N/A"
"custom home painting",5,1,20,129148,"100","4","20","N/A"
"portrait watercolor",0,0,0,140179,"","4","19","N/A"
"real estate closing",4,1,25,16030,"100","4","19",880
"thank you tag",8,1,13,153078,"100","3","13",0
"welcome home tag",2,0,0,2530,"100","3","16",20
"new homeowner",5,1,20,27066,"100","3","13","N/A"
"cookie pop by",0,0,0,6109,"","3","13","N/A"
"cookie popby tag",0,0,0,0,"","3","16","N/A"
"custom pop by tags",0,0,0,2623,"","3","18","N/A"
"cookie thank you",0,0,0,12205,"","3","16","N/A"
"real estate popby",0,0,0,2178,"","3","17","N/A"
"girl scout cookie",4,0,0,5415,"100","3","17",0
"wine bottle bag",13,6,46,8660,"100","3","15","N/A"
"unique housewarming",2,0,0,195527,"100","3","19",10
"appreciation tag",3,0,0,57378,"100","3","16",30
"editable pop by tag",0,0,0,4899,"","3","19","N/A"
"real estate favor",0,0,0,1311,"","3","17","N/A"
"gifts for buyers",0,0,0,7466,"","3","16","N/A"
"gifts for sellers",0,0,0,85039,"","3","17","N/A"
"real estate closings",1,0,0,15043,"100","3","20",170
"wine label gifts",0,0,0,25613,"","3","16","N/A"
"editable wine label",3,0,0,4942,"100","3","19","N/A"
"business gifts",9,1,11,177283,"100","3","14",880
"real estate referral",2,0,0,4067,"100","3","20","N/A"
"real estate thanks",0,0,0,636,"","3","18","N/A"
"birthday package",8,1,13,97404,"100","3","16",1000
"house tag",1,0,0,23468,"100","2","9",90
"personalized thank",0,0,0,146224,"","2","18","N/A"
"business logo tag",0,0,0,5846,"","2","17","N/A"
"memento",2,0,0,325933,"100","2","7",165000
"sold house",0,0,0,5625,"","2","10","N/A"
"pop by tag printable",0,0,0,7275,"","2","20","N/A"
"real estate pop by",3,0,0,8006,"100","2","18","N/A"
"spring marketing",0,0,0,3223,"","2","16","N/A"
"spring real estate",0,0,0,2478,"","2","18","N/A"
"spring pop by tags",0,0,0,1024,"","2","18","N/A"
"neighbor moving",2,0,0,3870,"100","2","15","N/A"
"girl scout popby",0,0,0,0,"","2","16","N/A"
"holiday care package",1,0,0,4217,"100","2","20",50
"custom closing sign",1,0,0,5476,"100","2","19","N/A"
"house sold",0,0,0,5880,"","2","10","N/A"
"closing sign",6,1,17,9966,"100","2","12",8100
"realty sign",0,0,0,1310,"","2","11","N/A"
"homeowners keepsake",0,0,0,1786,"","2","19","N/A"
"christmas new home",2,0,0,276812,"100","2","18","N/A"
"purchased a new home",0,0,0,829,"","2","20","N/A"
"champagne lable",0,0,0,223,"","2","15","N/A"
"champagne label",9,1,11,14860,"100","2","15",210
"real estate pen",1,0,0,189,"100","2","15","N/A"
"personalized wrap",0,0,0,73770,"","2","17","N/A"
"party and gifting",1,0,0,6102898,"100","2","17","N/A"
"new home present",2,0,0,47903,"100","2","16","N/A"
"housewarming present",3,0,0,76854,"100","2","20","N/A"
"realestate marketing",3,0,0,1242,"100","2","20","N/A"
"pop by download",0,0,0,0,"","2","15","N/A"
"no tricks just treat",1,0,0,3336,"100","2","20","N/A"
"halloween popby tag",0,0,0,247,"","2","19","N/A"
"happy halloween tags",1,0,0,11728,"100","2","20","N/A"
"trick or treat tag",0,0,0,22171,"","2","18","N/A"
"new home purchase",0,0,0,867,"","2","17","N/A"
"new home buyer",1,0,0,4248,"100","2","14","N/A"
"real estate sticker",3,0,0,4936,"100","2","19","N/A"
"house hunt sticker",0,0,0,0,"","2","18","N/A"
"open house sticker",0,0,0,1250,"","2","18","N/A"
"custom logo box",12,0,0,4262,"100","1","15",1900
"seller thank you",0,0,0,2514,"","1","16","N/A"
"open house favor",0,0,0,1137,"","1","16","N/A"
"baseball pop by",0,0,0,3487,"","1","15","N/A"
"real estate baseball",0,0,0,721,"","1","20","N/A"
"spring open house",0,0,0,309,"","1","17","N/A"
"new home tag",0,0,0,11100,"","1","12","N/A"
"personalized tag",18,5,28,361259,"100","1","16",880
"celebration favor",0,0,0,26579,"","1","17","N/A"
"new house tag",0,0,0,2111,"","1","13","N/A"
"watercolor tags",1,0,0,60671,"100","1","15","N/A"
"wine bags",8,1,13,25027,"100","1","9",6600
"new house gifts",9,1,11,71306,"100","1","15",1300
"custom wine bags",3,0,0,3737,"100","1","16","N/A"
"cheap logo gifts",0,0,0,566,"","1","16","N/A"
"bulk discounts",0,0,0,6968,"","1","14","N/A"
"free shipping gifts",3,0,0,205106,"100","1","19",210
"business wine gifts",0,0,0,0,"","1","19","N/A"
"wine totes",7,1,14,10690,"100","1","10","N/A"
"wine bags custom",1,0,0,0,"","1","16","N/A"
"happy hygge",1,0,0,0,"","1","11","N/A"
"hygge blanket box",0,0,0,0,"","1","17","N/A"
"wrap new home",0,0,0,0,"","1","13","N/A"
"house design",3,0,0,136292,"100","1","12",14800
"housewarming wrap",0,0,0,20587,"","1","17","N/A"
"new home celebration",1,0,0,13657,"100","1","20","N/A"
"custom house",8,5,63,183580,"100","1","12",14800
"custom sketch",7,1,14,226751,"100","1","13",50
"teacher thank you",6,1,17,116613,"100","1","17",6600
"nurse thank you",3,0,0,32449,"100","1","15","N/A"
"personal bag",0,0,0,12838,"","1","12","N/A"
"party bags",3,0,0,467398,"100","1","10","N/A"
"party favor bag",2,0,0,220608,"100","1","15",4400
"mini purse",8,1,13,113196,"100","1","10","N/A"
"exp realty",12,5,42,1129,"99","1","10",74000
"exp wine labels",0,0,0,0,"","1","15","N/A"
"personalized house",1,0,0,136377,"100","1","18",110
"new home basket",8,0,0,0,"","1","15","N/A"
"first home buyer",0,0,0,2826,"","1","16","N/A"
"couple house present",0,0,0,1574,"","1","20","N/A"
"kid paint activity",0,0,0,8167,"","1","18","N/A"
"holiday decoration",2,0,0,499925,"100","1","18","N/A"
"handmade ornament",8,4,50,216739,"100","1","17",1600
"easy christmas craft",0,0,0,55445,"","1","20","N/A"
"new house present",1,0,0,5581,"100","1","17","N/A"
"house and xmas tree",0,0,0,0,"","1","19","N/A"
"home owner ornament",1,0,0,19048,"100","1","19","N/A"
"nuts thank you",0,0,0,0,"","1","14","N/A"
"nuts about you",1,0,0,928,"100","1","14","N/A"
"mortgage lender",3,0,0,1885,"100","1","15","N/A"
"mortgage marketing",3,0,0,2907,"100","1","18","N/A"
"new home keepsake",2,0,0,131692,"100","1","17","N/A"
"new home christmas",2,0,0,363348,"100","1","18","N/A"
"real estate tag",0,0,0,7577,"","1","15","N/A"
"estate marketing",0,0,0,42658,"","1","16","N/A"
"marketing material",4,0,0,6095,"100","1","18","N/A"
"4th of july favor",0,0,0,5868,"","1","17","N/A"
"agent referral",0,0,0,1509,"","1","14","N/A"
"referral broker",0,0,0,0,"","1","15","N/A"
"custom beer label",4,0,0,1846,"100","1","17",110
"beer bottle labels",3,0,0,3386,"100","1","18",590
"celebration ideas",0,0,0,25888,"","1","17","N/A"
"beer box stickers",0,0,0,0,"","1","17","N/A"
"congratulation label",0,0,0,0,"","1","20","N/A"
"celebration label",0,0,0,11232,"","1","17","N/A"
"housewarming labels",0,0,0,22914,"","1","19","N/A"
"new home beer label",0,0,0,0,"","1","19","N/A"
"custom bottle labels",18,13,72,43040,"100","1","20",1300
"new place",0,0,0,8844,"","1","9","N/A"
"home champagne",0,0,0,0,"","1","14","N/A"
"christmas wine",4,0,0,90178,"100","1","14","N/A"
"wine tote bag",8,1,13,10419,"100","1","13",2400
"housewarming wine",2,0,0,39197,"100","1","17","N/A"
"new home wine",1,0,0,14743,"100","1","13","N/A"
"new home champagne",0,0,0,0,"","1","18","N/A"
"custom agent pen",0,0,0,0,"","1","16","N/A"
"engraved parker pen",0,0,0,165,"","1","19","N/A"
"top agent award",0,0,0,3,"","1","15","N/A"
"work anniversary",9,1,11,15118,"100","1","16",18100
"present idea",1,0,0,178946,"100","1","12",1300
"planner gel pen",0,0,0,0,"","1","15","N/A"
"epoxy pen",5,1,20,12794,"100","1","9",480
"medium point pen",0,0,0,1570,"","1","16","N/A"
"gel pen",7,6,86,12808,"100","1","7","N/A"
"refillable pen",3,0,0,11874,"100","1","14","N/A"
"glittered epoxy pen",0,0,0,0,"","1","19","N/A"
"inkjoy gel pen",0,0,0,3243,"","1","14","N/A"
"homeowner pen",0,0,0,0,"","1","13","N/A"
"editable canva tag",0,0,0,29043,"","1","18","N/A"
"housewarming tag",0,0,0,24267,"","1","16","N/A"
"fall marketing",0,0,0,4868,"","1","14","N/A"
"thanksgiving pop by",0,0,0,2500,"","1","19","N/A"
"fall real estate tag",0,0,0,0,"","1","20","N/A"
"business referral",1,0,0,3300,"100","1","17","N/A"
"fall thanksgiving",2,0,0,707444,"100","1","17","N/A"
"popby pop by",0,0,0,0,"","1","12","N/A"
"wrapping paper sheet",2,0,0,18812,"100","1","20",590
"alternative wrapping",0,0,0,402,"","1","20","N/A"
"boho wrapping paper",4,0,0,5743,"100","1","19",90
"welcome home box",1,0,0,2407,"100","1","16",20
"client thank you",0,0,0,6713,"","1","16","N/A"
"branded bag",2,0,0,924,"100","1","11","N/A"
"branded tote bag",4,0,0,139,"77","1","16","N/A"
"branded bags",3,0,0,888,"100","1","12","N/A"
"thin mints",0,0,0,953,"","1","10","N/A"
"champagne gifts",4,0,0,60795,"100","1","15",2400
"thank you referral",1,0,0,1860,"100","1","18","N/A"
"seed packet pop by",0,0,0,64,"","1","18","N/A"
"berkshire labels",0,0,0,0,"","1","16","N/A"
"bhhs stickers",0,0,0,0,"","1","13","N/A"
"berkshire hathaway",2,0,0,747,"100","1","18","N/A"
"popcorn treat tags",0,0,0,1669,"","1","18","N/A"
"cleint treats",0,0,0,0,"","1","13","N/A"
"client appreciaiton",0,0,0,31,"","1","19","N/A"
"new home wrapping",0,0,0,1581,"","1","17","N/A"
"sold home",1,0,0,73233,"100","1","9","N/A"
"marketing client",0,0,0,9731,"","1","16","N/A"
"party favor tag",3,0,0,272794,"100","1","15",210
"logo tags",7,1,14,33447,"100","1","9","N/A"
"add your logo",1,0,0,7419,"100","1","13","N/A"
"printed tags",4,0,0,138064,"100","1","12",1000
"printable tags",8,1,13,379056,"100","1","14",1000
"new home buyers",0,0,0,0,"","1","15","N/A"
"for open house",0,0,0,0,"","1","14","N/A"
"new neighbor",10,13,130,5852,"100","1","12","N/A"
"host and hostess",0,0,0,11857,"","1","16","N/A"
"real estate clients",1,0,0,9391,"100","1","19","N/A"
"real estate co",0,0,0,0,"","1","14","N/A"
"3x3 inch sticker",0,0,0,1146,"","1","16","N/A"
"stovetop potpourri",2,0,0,1742,"100","1","18",3600
"simmering potpourri",1,0,0,1819,"100","1","19","N/A"
"fall simmer pot",1,0,0,412,"100","1","15","N/A"
"autumn simmer pot",0,0,0,232,"","1","17","N/A"
"high end gifting",0,0,0,16571,"","1","16","N/A"
"thank you label",2,0,0,101774,"100","1","15",390
"real estate promo",1,0,0,612,"100","1","17","N/A"
"your referrals are",0,0,0,1544,"","1","18","N/A"
"small business tag",1,0,0,19478,"100","1","18","N/A"
"popby ideas",0,0,0,296,"","1","11","N/A"
"ice cream popby",0,0,0,0,"","1","15","N/A"
"ice cream marketing",0,0,0,113,"","1","19","N/A"
"scoop on the market",0,0,0,251,"","1","19","N/A"
"scoop on your home",0,0,0,0,"","1","18","N/A"
"engraved clock",9,1,11,4410,"100","1","14",210
"home map",7,1,14,429180,"100","1","8","N/A"
"house map",5,1,20,36038,"100","1","9",1600
"new home candle",5,1,20,45689,"100","1","15",390
"soy wax candle",15,7,47,157405,"100","1","14",1000
"amber jar candle",3,0,0,17680,"100","1","16","N/A"
"cozy home decor",8,1,13,659499,"100","1","15","N/A"
"welcome sign 3d",1,0,0,6814,"100","1","15","N/A"
"our first address",0,0,0,4768,"","1","17","N/A"
"entryway our home",0,0,0,19039,"","1","17","N/A"
"modern name sign",1,0,0,12685,"100","1","16","N/A"
"our 1st home sign",0,0,0,394,"","1","17","N/A"
"real estate client",1,0,0,9909,"100","1","18","N/A"
"custom new home sign",0,0,0,25390,"","1","20","N/A"
"christmas home",1,0,0,5859936,"100","1","14","N/A"
"wood logo engraved",1,0,0,0,"","1","18","N/A"
"home painting",4,0,0,2418699,"100","1","13","N/A"
"off to show homes",0,0,0,0,"","1","17","N/A"
"real estate tee",0,0,0,8528,"","1","15","N/A"
"home showing",0,0,0,4326,"","1","12","N/A"
"mortgage closing",0,0,0,0,"","1","16","N/A"
"4th july favor tag",0,0,0,1109,"","1","18","N/A"
"happy 4th of july",2,0,0,12683,"100","1","17","N/A"
"4th july thank you",0,0,0,1334,"","1","18","N/A"
"referrals sparkle",0,0,0,0,"","1","17","N/A"
"patriotic client",0,0,0,0,"","1","16","N/A"
"2x2 inch sticker",0,0,0,926,"","1","16","N/A"
"warm and cozy",3,0,0,166265,"100","1","13","N/A"
"premium gifting",0,0,0,140840,"","1","15","N/A"
"bless your nest",0,0,0,0,"","1","15","N/A"
"mini cards",3,0,0,93063,"100","1","10",1000
"new home blessings",6,1,17,0,"","1","18",1600
"welcome tags",4,0,0,17225,"100","1","12","N/A"
"relocation",3,0,0,6944,"100","1","10","N/A"
"neighborhood",1,0,0,23666,"100","1","12","N/A"
"military housing",0,0,0,0,"","1","16","N/A"
"spring bird",0,0,0,43477,"","1","11","N/A"
"thank you candle",17,0,0,25342,"100","1","16",320
