Product Name,Product Link,Shop Name,Shop Link,Price,Est. Sales,Est. Revenue,Growth Rate,Est. Total Sales,Total Reviews,Listing Age,Total Favorites,Avg. Reviews,Total Views,Category,Shop Age,Visibility Score,Conversion Rate,Total Shop Sales,Tags,Tag 1,Tag 2,Tag 3,Tag 4,Tag 5,Tag 6,Tag 7,Tag 8,Tag 9,Tag 10,Tag 11,Tag 12,Tag 13
Palm Beach Filet Crochet Men&#39;s Summer Shirt Pattern (PDF),https://www.etsy.com/listing/4441467807/palm-beach-filet-crochet-mens-summer,TheClubMade,https://www.etsy.com/shop/TheClubMade,10.58,72,762,0,75,3,4 Mo.,806,1,5837,Craft Supplies & Tools,5,100,1.28,326,"",--,--,--,--,--,--,--,--,--,--,--,--,--
"PDF File for Crochet Pattern (English), Yolanda Shirt, Pictures and Video Tutorials Included, Crochet Shirt Pattern, Crochet Shirt",https://www.etsy.com/listing/1528975733/pdf-file-for-crochet-pattern-english,COSMAUDI,https://www.etsy.com/shop/COSMAUDI,12.50,18,225,0,2548,148,34 Mo.,8090,4,88729,Craft Supplies & Tools,95,100,2.87,46501,"cosmaudi,sizeinclusivecrochet,crochet shirt,crochet polo,oversized shirt,bode shirt pattern,bode shirt,men's shirt,men's crochet,unisex crochet,collared shirt,filet crochet,fingering weight",cosmaudi,sizeinclusivecrochet,crochet shirt,crochet polo,oversized shirt,bode shirt pattern,bode shirt,men's shirt,men's crochet,unisex crochet,collared shirt,filet crochet,fingering weight
"Bloom & Breeze Lace Crochet Top Pattern M–XXL, Summer Blouse",https://www.etsy.com/listing/1854461694/bloom-breeze-lace-crochet-top-pattern,KnitBlissPatterns,https://www.etsy.com/shop/KnitBlissPatterns,9.40,14,132,0,93,10,15 Mo.,514,1,4389,Craft Supplies & Tools,17,72,2.12,915,"lace crochet blouse,crochet summer top,easy crochet top,filet lace pattern,crochet lace shirt,boho crochet top,m to xxl crochet top,crochet pattern pdf,festival crochet top,lace crochet top,boho knit blouse,filet lace top,summer top pdf",lace crochet blouse,crochet summer top,easy crochet top,filet lace pattern,crochet lace shirt,boho crochet top,m to xxl crochet top,crochet pattern pdf,festival crochet top,lace crochet top,boho knit blouse,filet lace top,summer top pdf
Crochet Summer Top Pattern - Boho Filet Lacy Beach Cover Up Festival Shirt Lightweight PDF,https://www.etsy.com/listing/4301590938/crochet-summer-top-pattern-pdf-boho,WeLove2Retro,https://www.etsy.com/shop/WeLove2Retro,1.50,16,24,0,32,2,12 Mo.,211,0,1658,Craft Supplies & Tools,50,42,1.93,25539,"summer crochet top,crochet sun top,boho crochet top,boho crochet pattern,easy crochet pattern,easy crochet top,lacy crochet top,filet crochet top,beach crochet top,cotton crochet top,crochet tank top,crochet blouse,vintage crochet top",summer crochet top,crochet sun top,boho crochet top,boho crochet pattern,easy crochet pattern,easy crochet top,lacy crochet top,filet crochet top,beach crochet top,cotton crochet top,crochet tank top,crochet blouse,vintage crochet top
Vintage Filet Crochet Pattern Lace Camisole Sun Top Retro Floral Romantic Cami PDF Instant Digital Download Flower Power Summer Blouse,https://www.etsy.com/listing/1887603006/vintage-filet-crochet-pattern-lace,PastPatternPaloozaCo,https://www.etsy.com/shop/PastPatternPaloozaCo,1.90,11,21,0,10,1,13 Mo.,252,0,1382,Craft Supplies & Tools,47,36,0.72,110267,"diy crochet,vintage crochet,filet lace camisole,pdf instant digital,glam girl chic,cotton crochet top,cotton filet crochet,crochet clothing pdf,womens crochet top,floral roses,dressy romantic,ladies feminine top,lacy tank shirt",diy crochet,vintage crochet,filet lace camisole,pdf instant digital,glam girl chic,cotton crochet top,cotton filet crochet,crochet clothing pdf,womens crochet top,floral roses,dressy romantic,ladies feminine top,lacy tank shirt
Crochet Patchwork Sweater Pattern | Boho Granny Square Stripes (PDF Download),https://www.etsy.com/listing/4479105820/crochet-patchwork-sweater-pattern-boho,Vlcrochetpatterns,https://www.etsy.com/shop/Vlcrochetpatterns,4.99,1,11,0,2,0,2 Mo.,2,0,24,Craft Supplies & Tools,3,0,8.33,81,"crochet vest,fall crochet pattern,sweater pattern,schnittmuster,fishnet,crochet beach dress,goth crochet pattern,filet crochet,mesh shirt,patron crochet,crop top pattern,crochet mesh,crochet tote pattern",crochet vest,fall crochet pattern,sweater pattern,schnittmuster,fishnet,crochet beach dress,goth crochet pattern,filet crochet,mesh shirt,patron crochet,crop top pattern,crochet mesh,crochet tote pattern
Boho Filet Crop Top Pattern | Multilingual Diamond Halter Design | DIY Summer Cotton Vest,https://www.etsy.com/listing/4492887774/boho-filet-crop-top-pattern-multilingual,StudioMarry,https://www.etsy.com/shop/StudioMarry,4.54,1,4,0,1,0,1 Mo.,3,0,110,Craft Supplies & Tools,4,39,0.91,4255,"boho filet crop top,geometric bralette,festival fashion,handmade gift idea,hippie style shirt,modern crochet wear,intermediate project,pdf tutorial guide,crochet motif art,customizable sizes,slow fashion piece,resort wear idea,vacation outfit",boho filet crop top,geometric bralette,festival fashion,handmade gift idea,hippie style shirt,modern crochet wear,intermediate project,pdf tutorial guide,crochet motif art,customizable sizes,slow fashion piece,resort wear idea,vacation outfit
"Crochet Sweater Pattern, Mesh Summer Pullover, Easy Women&#39;s Crochet Crop Top Pattern, Size Inclusive Jumper, Beach Cover Up PDF",https://www.etsy.com/listing/4494551683/crochet-sweater-pattern-mesh-summer,KomaldesignsArt,https://www.etsy.com/shop/KomaldesignsArt,6.25,0,0,0,0,0,1 Mo.,0,0,13,Craft Supplies & Tools,5,0,0.0,138,"mesh sweater pattern,summer top crochet,easy jumper pdf,filet shirt tutorial,beach cover up diy,diy pullover make,boho crop garment,open stitch piece,graded pattern pdf,womens casual top,digital pattern top,handmade trendy tee",mesh sweater pattern,summer top crochet,easy jumper pdf,filet shirt tutorial,beach cover up diy,diy pullover make,boho crop garment,open stitch piece,graded pattern pdf,womens casual top,digital pattern top,handmade trendy tee,--
"Vintage Filet Crochet Pattern PDF – Elegant Floral Blouse, Short Sleeve Top with Collar, Experienced Crochet, Lace Crochet Shirt",https://www.etsy.com/listing/1877010941/vintage-filet-crochet-pattern-pdf,VintagePatternHaven,https://www.etsy.com/shop/VintagePatternHaven,1.92,0,0,0,15,1,15 Mo.,226,0,1507,Craft Supplies & Tools,22,36,1.0,9891,"filet crochet shirt,crochet blouse pdf,vintage crochet top,crochet lace blouse,short sleeve crochet,boho crochet top diy,elegant crochet top,floral filet crochet,floral crochet shirt,retro lace crochet,summer crochet top,boho crochet blouse,openwork crochet diy",filet crochet shirt,crochet blouse pdf,vintage crochet top,crochet lace blouse,short sleeve crochet,boho crochet top diy,elegant crochet top,floral filet crochet,floral crochet shirt,retro lace crochet,summer crochet top,boho crochet blouse,openwork crochet diy
crochet png crochet svg crochet png bundle sublimination commercial use crochet eps dxf cricut cut file t shirt design,https://www.etsy.com/listing/1791432120/crochet-png-crochet-svg-crochet-png,CraftyArtCafe,https://www.etsy.com/shop/CraftyArtCafe,2.99,0,0,0,31,3,19 Mo.,50,0,1059,Art & Collectibles,52,25,2.93,233112,"crochet png,crochet svg,crochet eps,crochet dxf,crochet bunde,crochet vector,shirt design,sublimination,cricut,cut file",crochet png,crochet svg,crochet eps,crochet dxf,crochet bunde,crochet vector,shirt design,sublimination,cricut,cut file,--,--,--
Love Crochet Block SVG / Crochet / T-Shirt / Tote Bag / Fiber Arts,https://www.etsy.com/listing/1521813458/love-crochet-block-svg-crochet-t-shirt,HoneyBreeCrafting,https://www.etsy.com/shop/HoneyBreeCrafting,2.00,0,0,0,0,0,33 Mo.,0,0,5,Art & Collectibles,80,0,0.0,963,"crochet,fiber arts,crochet cut file,cut file for cricut,svg for silhouette,svg for cricut,coffee cut file,arts and crafts svg,crafty t-shirt,crafty tote bag,tote bag cut file,t-shirt cut file,crafter",crochet,fiber arts,crochet cut file,cut file for cricut,svg for silhouette,svg for cricut,coffee cut file,arts and crafts svg,crafty t-shirt,crafty tote bag,tote bag cut file,t-shirt cut file,crafter
"Faux Yarn Crochet Love Valentines Day PNG, Latch Hook Yarn Heart Sublimation Designs, Coquette Retro Valentine Shirt PNG, A813",https://www.etsy.com/listing/4423233846/faux-yarn-crochet-love-valentines-day,seamlesspatternpng,https://www.etsy.com/shop/seamlesspatternpng,3.99,0,0,0,0,0,5 Mo.,0,0,0,Art & Collectibles,37,0,0.0,12332,"sublimation design,sublimation png,tshirt png design,digital product,shirt png design,shirt file,t shirt file,faux crochet png,love heart png,trendy valentine png,preppy valentine png,trendy shirt design,popular now png",sublimation design,sublimation png,tshirt png design,digital product,shirt png design,shirt file,t shirt file,faux crochet png,love heart png,trendy valentine png,preppy valentine png,trendy shirt design,popular now png
"Striped Crochet Tank Top Pattern PDF, Mesh Summer Vest, Lime Green and Blue Filet Crochet Shirt, Aesthetic Retro Beach Top, Sizes S-XL",https://www.etsy.com/listing/4496944002/striped-crochet-tank-top-pattern-pdf,LuxedigitalUSCo,https://www.etsy.com/shop/LuxedigitalUSCo,5.25,0,0,0,0,0,1 Mo.,0,0,2,Craft Supplies & Tools,4,0,0.0,82,"crochet tank pattern,striped summer top,mesh vest pdf,filet crochet shirt,boho beach top diy,lime green crochet,v,aesthetic summer diy,crochet pattern,sleeveless mesh top,boutique crochet pdf,festival outfit diy,modern crochet top",crochet tank pattern,striped summer top,mesh vest pdf,filet crochet shirt,boho beach top diy,lime green crochet,v,aesthetic summer diy,crochet pattern,sleeveless mesh top,boutique crochet pdf,festival outfit diy,modern crochet top
80s Vintage Filet Mesh Top Crochet Pattern Lacy Blouse Crochet Chain Pattern for Women Summer Top Crochet Short Sleeve V Neck Tee 4 ply PDF,https://www.etsy.com/listing/1561076048/80s-vintage-filet-mesh-top-crochet,CreativePatterns8,https://www.etsy.com/shop/CreativePatterns8,2.39,0,0,0,0,0,32 Mo.,41,0,456,Craft Supplies & Tools,36,0,0.0,4002,"crochet blouse,summer top crochet,pattern for women,short sleeve,crochet chain,v neck t-shirt,patons retro tee,80s vintage,filet mesh top,crochet pattern,lacy blouse,women summer spring,easy cute fast",crochet blouse,summer top crochet,pattern for women,short sleeve,crochet chain,v neck t-shirt,patons retro tee,80s vintage,filet mesh top,crochet pattern,lacy blouse,women summer spring,easy cute fast
"Pattern, Spider Shawl, Halloween crochet pattern",https://www.etsy.com/listing/1098296905/pattern-spider-shawl-halloween-crochet,MadebyJass4U,https://www.etsy.com/shop/MadebyJass4U,8.99,0,0,0,8,2,55 Mo.,247,0,1427,Craft Supplies & Tools,132,0,0.56,105,"women accessory,elegant adult shawl,halloween wrap,spider lace shawl,gothic fashion chic,crochet pattern,mother day gift,girl shawl spider,dress t-shirt,halloween spring,handmade valentine,crochet filet,for her for him",women accessory,elegant adult shawl,halloween wrap,spider lace shawl,gothic fashion chic,crochet pattern,mother day gift,girl shawl spider,dress t-shirt,halloween spring,handmade valentine,crochet filet,for her for him
"By-Mail Printed Vintage Crochet Pattern for Long Bell Sleeve Blouse / Top, Bust 31 to 37&quot;, Paper Hard Copy Mailed to You",https://www.etsy.com/listing/4394750869/by-mail-printed-vintage-crochet-pattern,PreservePatterns,https://www.etsy.com/shop/PreservePatterns,5.99,0,0,0,0,0,7 Mo.,10,0,35,Craft Supplies & Tools,17,0,0.0,216,"preserve patterns,women woman ladies,paper pattern,sent by mail mailed,crochet pattern,vintage vtg retro,bust 31 33 35 57,b31 b33 b35 b37,bust 32 34 36 vtg,bell sleeve top,70s lace blouse,filet crochet shirt,vintage crochet diy",preserve patterns,women woman ladies,paper pattern,sent by mail mailed,crochet pattern,vintage vtg retro,bust 31 33 35 57,b31 b33 b35 b37,bust 32 34 36 vtg,bell sleeve top,70s lace blouse,filet crochet shirt,vintage crochet diy
Crochet Mesh Shirt Pattern Digital Download Photo Tutorial,https://www.etsy.com/listing/1496122858/crochet-mesh-shirt-pattern-digital,LalalovestoCrochet,https://www.etsy.com/shop/LalalovestoCrochet,13.34,0,0,0,0,0,25 Mo.,86,0,1022,Craft Supplies & Tools,63,0,0.0,175,"mesh top,coverup,crochet mesh,mesh,crochet blanket,crochet shirt,crochet amigurumi,crochet scarf,crochet tutorial,filet crochet,crochet beach cover,passioknit",mesh top,coverup,crochet mesh,mesh,crochet blanket,crochet shirt,crochet amigurumi,crochet scarf,crochet tutorial,filet crochet,crochet beach cover,passioknit,--
"Patron Top Crochet Filet Dos Noué PDF – Haut Aéré Femme, T-shirt Crochet Été, Modèle Moderne à Crocheter, Niveau Intermédiaire",https://www.etsy.com/listing/4492822930/patron-top-crochet-filet-dos-noue-pdf,LittleYarnStudioCo,https://www.etsy.com/shop/LittleYarnStudioCo,5.85,0,0,0,0,0,1 Mo.,0,0,51,Craft Supplies & Tools,2,25,0.0,117,"patron haut crochet,crochet top pattern,top crochet filet,haut dos noué crochet,patron crochet pdf,crochet summer top,top filet femme,patron t-shirt crochet,haut crochet modern,modèle crochet intermédiaire,top bohème crochet,top dos ouvert,téléchargement instantané",patron haut crochet,crochet top pattern,top crochet filet,haut dos noué crochet,patron crochet pdf,crochet summer top,top filet femme,patron t-shirt crochet,haut crochet modern,modèle crochet intermédiaire,top bohème crochet,top dos ouvert,téléchargement instantané
Filet Crochet Top Pattern - Crochet Polo Shirt Pattern - Polo NERINA - Women Size (S to XXXL) - Pdf Files in English & French,https://www.etsy.com/listing/4329221130/filet-crochet-top-pattern-crochet-polo,HomeCrochetDesign,https://www.etsy.com/shop/HomeCrochetDesign,7.03,0,0,0,13,1,10 Mo.,102,0,597,Craft Supplies & Tools,65,25,2.18,7454,"crochet pattern,oversize shirt,crochet polo,polo shirt,summer top,filet crochet,cotton shirt,crochet blouse,crochet sweater top,crochet top pattern,crochet shirt pattern,filet crochet top,crochet summer top",crochet pattern,oversize shirt,crochet polo,polo shirt,summer top,filet crochet,cotton shirt,crochet blouse,crochet sweater top,crochet top pattern,crochet shirt pattern,filet crochet top,crochet summer top
Floral Bell-Sleeve Crop Top Crochet Pattern – Off-Shoulder Boho Lace Design (PDF),https://www.etsy.com/listing/1801005448/floral-bell-sleeve-crop-top-crochet,EmeraldStudioHub,https://www.etsy.com/shop/EmeraldStudioHub,6.75,0,0,0,0,0,19 Mo.,4,0,170,Craft Supplies & Tools,19,0,0.0,49,"boho filet crop top,geometric bralette,festival fashion,handmade gift idea,hippie style shirt,modern crochet wear,intermediate project,pdf tutorial guide,crochet motif art,customizable sizes,slow fashion piece,resort wear idea,vacation outfit",boho filet crop top,geometric bralette,festival fashion,handmade gift idea,hippie style shirt,modern crochet wear,intermediate project,pdf tutorial guide,crochet motif art,customizable sizes,slow fashion piece,resort wear idea,vacation outfit
Crochet Collars Book 2 - Thread Crochet Patterns,https://www.etsy.com/listing/4400954978/crochet-collars-book-2-thread-crochet,SecondChapterCrafts,https://www.etsy.com/shop/SecondChapterCrafts,4.00,0,0,0,0,0,6 Mo.,4,0,2,Craft Supplies & Tools,171,0,0.0,82,"crochet collar,filet crochet,lace accessory,accessories,1980s vintage,kay fisher meadors,thread work,elegant,dainty,embellishment,shirt upcycle,old patterns,vintage 80s",crochet collar,filet crochet,lace accessory,accessories,1980s vintage,kay fisher meadors,thread work,elegant,dainty,embellishment,shirt upcycle,old patterns,vintage 80s
"Lacy Torso Blouse Crochet Pattern • Vintage Filet Top, Witchy Cottagecore (PDF Pattern)",https://www.etsy.com/listing/4491825806/lacy-torso-blouse-crochet-pattern,ChristmaswitchShop,https://www.etsy.com/shop/ChristmaswitchShop,3.99,0,0,0,0,0,1 Mo.,28,0,258,Craft Supplies & Tools,3,66,0.0,1373,"crochet blouse,lace top pattern,vintage crochet,filet crochet top,witchy clothing,cottagecore top,crochet shirt,button blouse,summer crochet,gothic crochet,lace blouse pdf,crochet top pattern,handmade fashion",crochet blouse,lace top pattern,vintage crochet,filet crochet top,witchy clothing,cottagecore top,crochet shirt,button blouse,summer crochet,gothic crochet,lace blouse pdf,crochet top pattern,handmade fashion
"Vintage Filet Crochet Tops, Blouses Patterns***PDF instant digital download***NOT a finished item, instructions only",https://www.etsy.com/listing/784203930/vintage-filet-crochet-tops-blouses,RoMoCoHearts,https://www.etsy.com/shop/RoMoCoHearts,1.99,0,0,0,22,2,73 Mo.,130,0,1062,Craft Supplies & Tools,74,0,2.07,1567,"vintage,crochet,top,blouse,shirt,filet crochet,yarn",vintage,crochet,top,blouse,shirt,filet crochet,yarn,--,--,--,--,--,--
"Crochet Mom Gift, Minimalist My Mom Crochets Baby Onesies® Brand, Baby Shower Gift for Arts and Crafts Lover New Parents",https://www.etsy.com/listing/4437963209/crochet-mom-gift-minimalist-my-mom,BearyNiftyCo,https://www.etsy.com/shop/BearyNiftyCo,19.98,0,0,0,0,0,4 Mo.,0,0,4,Clothing,16,0,0.0,3005,"filet crochet shirt,mothers day gift,crocheter baby gift,crochet baby onesie,yarn lover baby gift,crafty mom baby,handmade mom gift,crochet humor baby,mom crochets outfit,fiber artist baby,cute baby onesie,crochet mom baby,my mom crochets",filet crochet shirt,mothers day gift,crocheter baby gift,crochet baby onesie,yarn lover baby gift,crafty mom baby,handmade mom gift,crochet humor baby,mom crochets outfit,fiber artist baby,cute baby onesie,crochet mom baby,my mom crochets
Cozy Latte Time Barista Cat PNG | Faux Crochet Coffee Kitty Clipart for T-Shirts & Mugs,https://www.etsy.com/listing/4420759501/cozy-latte-time-barista-cat-png-faux,GraphiTeeCharm,https://www.etsy.com/shop/GraphiTeeCharm,2.15,0,0,0,0,0,5 Mo.,0,0,7,Art & Collectibles,6,0,0.0,0,"cozy latte time,barista cat,faux crochet,yarn cat,coffee clipart,cafe png,kawaii cat,sublimation design,dtf print file,t shirt design,mug design,cozy png,digital download",cozy latte time,barista cat,faux crochet,yarn cat,coffee clipart,cafe png,kawaii cat,sublimation design,dtf print file,t shirt design,mug design,cozy png,digital download
Women&#39;s or men&#39;s mesh T-shirt Clothes for the beach Filet crochet green tunic Cotton boho blouse Clothing for rest Mini beach dress,https://www.etsy.com/listing/4310896749/womens-or-mens-mesh-t-shirt-clothes-for,DelicateKnitByMary,https://www.etsy.com/shop/DelicateKnitByMary,82.00,0,0,0,0,0,12 Mo.,0,0,15,Clothing,106,0,0.0,76,"beach clothes,crochet top,green clothes,beach tunic,cotton boho blouse,women's mesh t-shirt,mini beach dress,summer lace tunic,tunic l,men's mesh t-shirt",beach clothes,crochet top,green clothes,beach tunic,cotton boho blouse,women's mesh t-shirt,mini beach dress,summer lace tunic,tunic l,men's mesh t-shirt,--,--,--
Crochet Festival Sweater Pattern: Filet crochet top down seamless round yoke crochet pullover pattern with circles and wave patterns,https://www.etsy.com/listing/1250329743/crochet-festival-sweater-pattern-filet,DoraDoes,https://www.etsy.com/shop/DoraDoes,6.67,0,0,0,23,2,47 Mo.,24,0,513,Craft Supplies & Tools,152,0,4.48,12997,"summer festival,crochet sweater,round yoke top,short sleeve,filet crochet tee,crochet circles,circle and wave,sport weight yarn,seamless design,no sew jumper,crochet t-shirt,relief lcae,plus size",summer festival,crochet sweater,round yoke top,short sleeve,filet crochet tee,crochet circles,circle and wave,sport weight yarn,seamless design,no sew jumper,crochet t-shirt,relief lcae,plus size
Skull and Flower Crochet Top Pattern • Adjustable Size Filet Mesh Crop Top • Gothic Floral Sweater PDF • Slimming Fit Boho Pullover,https://www.etsy.com/listing/4465136216/skull-and-flower-crochet-top-pattern,JaneYarnArt,https://www.etsy.com/shop/JaneYarnArt,4.99,0,0,0,0,0,2 Mo.,17,0,57,Craft Supplies & Tools,57,0,0.0,358,"skull crochet top,gothic crochet top,skull flower top,crochet top pattern,skull sweater,boho crochet,adjustable top,crochet top pdf,alt fashion top,crochet pattern pdf,filet crochet top,crochet mesh shirt,easy crochet pdf",skull crochet top,gothic crochet top,skull flower top,crochet top pattern,skull sweater,boho crochet,adjustable top,crochet top pdf,alt fashion top,crochet pattern pdf,filet crochet top,crochet mesh shirt,easy crochet pdf
Summer Breeze Mesh Tunic Crochet Pattern | Beginner Crochet Garment with Video Tutorial | Crochet Beach Boho Mesh Summer Top Pattern,https://www.etsy.com/listing/4469561203/summer-breeze-mesh-tunic-crochet-pattern,PatternsNest,https://www.etsy.com/shop/PatternsNest,3.49,0,0,0,0,0,2 Mo.,11,0,174,Craft Supplies & Tools,5,33,0.0,2072,"crochet tunic,mesh crochet top,beginner crochet,pdf crochet pattern,filet crochet,summer beach coverup,video tutorial incl,boho crochet shirt,made to measure,easy crochet sweater,diy mesh tunic,crochet pattern,crochet summer",crochet tunic,mesh crochet top,beginner crochet,pdf crochet pattern,filet crochet,summer beach coverup,video tutorial incl,boho crochet shirt,made to measure,easy crochet sweater,diy mesh tunic,crochet pattern,crochet summer
Coffee and Crochet SVG: Pretty Things Design (Digital Download),https://www.etsy.com/listing/1359343518/coffee-and-crochet-svg-pretty-things,HoneyBreeCrafting,https://www.etsy.com/shop/HoneyBreeCrafting,2.00,0,0,0,0,0,41 Mo.,3,0,19,Art & Collectibles,80,0,0.0,963,"crochet,fiber arts,crochet cut file,cut file for cricut,svg for silhouette,svg for cricut,coffee cut file,arts and crafts svg,crafty t-shirt,crafty tote bag,tote bag cut file,t-shirt cut file,crafter",crochet,fiber arts,crochet cut file,cut file for cricut,svg for silhouette,svg for cricut,coffee cut file,arts and crafts svg,crafty t-shirt,crafty tote bag,tote bag cut file,t-shirt cut file,crafter
"Handmade Crochet Filet Polo Shirt, Yellow Grey Mesh Crop Top, Cotton Open Knit Summer Blouse, Boho Button Up Mesh Cardigan, Festival Outfit",https://www.etsy.com/listing/4490436714/handmade-crochet-filet-polo-shirt-yellow,Handmadesultanat,https://www.etsy.com/shop/Handmadesultanat,92.54,0,0,0,0,0,1 Mo.,4,0,11,Clothing,14,0,0.0,3,"boho mesh blouse,handmade summer top,polo crochet shirt,mesh crop top,crochet filet top,yellow mesh shirt,open knit top,festival clothing,y2k crochet,cotton knit shirt,custom crochet blous,sheer polo top,hand knitted crop",boho mesh blouse,handmade summer top,polo crochet shirt,mesh crop top,crochet filet top,yellow mesh shirt,open knit top,festival clothing,y2k crochet,cotton knit shirt,custom crochet blous,sheer polo top,hand knitted crop
Victorian Lace Top Crochet Pattern Women V Neck Yoke Summer Blouse Short Sleeve Basic Spring Retro Vintage 80s Eyelet Openwork Worsted PDF,https://www.etsy.com/listing/4301620142/victorian-lace-top-crochet-pattern-women,CreativePatterns8,https://www.etsy.com/shop/CreativePatterns8,2.39,0,0,0,0,0,12 Mo.,0,0,10,Craft Supplies & Tools,36,0,0.0,4002,"digital download pdf,retro boho ladies,shirt blouse cotton,short sleeve basic,retro vintage 80s,spring festival,victorian lace top,crochet pattern,women v neck yoke,summer basic eyelet,openwork worsted,open stitch lacework,heirloom filet",digital download pdf,retro boho ladies,shirt blouse cotton,short sleeve basic,retro vintage 80s,spring festival,victorian lace top,crochet pattern,women v neck yoke,summer basic eyelet,openwork worsted,open stitch lacework,heirloom filet
Cheetos Inspired Crochet Crop Top Pattern - Dangerously Cheesy: Filet Crochet PDF,https://www.etsy.com/listing/1506079657/cheetos-inspired-crochet-crop-top,TheSnuggleryPatterns,https://www.etsy.com/shop/TheSnuggleryPatterns,6.00,0,0,0,11,1,35 Mo.,190,0,1187,Craft Supplies & Tools,130,0,0.93,25459,"crochet top pattern,summer crochet shirt,women crochet top,woman lacey spring,cheetos inspired,dangerously cheesy,funky crochet 70s,60s inspired crochet,beginner friendly,filet crochet graph,crochet graphs pdf,the snugglery,new girls patterns",crochet top pattern,summer crochet shirt,women crochet top,woman lacey spring,cheetos inspired,dangerously cheesy,funky crochet 70s,60s inspired crochet,beginner friendly,filet crochet graph,crochet graphs pdf,the snugglery,new girls patterns
Filet Crochet Jesus T-shirt,https://www.etsy.com/listing/4370836860/filet-crochet-jesus-t-shirt,CrochetAndArmis,https://www.etsy.com/shop/CrochetAndArmis,73.00,0,0,0,0,0,8 Mo.,4,0,76,Art & Collectibles,11,0,0.0,0,"beige,filet,filet crochet,crochet,baby tee,tee,tshirt,yarn,acrylic,acrylic yarn,jesus,god",beige,filet,filet crochet,crochet,baby tee,tee,tshirt,yarn,acrylic,acrylic yarn,jesus,god,--
"Little Black Jacket Crochet PATTERN, Lacy Evening Wear (PDF Pattern)",https://www.etsy.com/listing/1720882246/little-black-jacket-crochet-pattern-lacy,HookedonPatternsShop,https://www.etsy.com/shop/HookedonPatternsShop,1.49,0,0,0,13,1,24 Mo.,23,0,287,Craft Supplies & Tools,26,0,4.53,8945,"crochet pattern,gift for her,little black jacket,elegant evening wear,lacy shirt for her,dressy womens shirt,crochet blouse,women's crochet top,lace crochet,casual ladies top,filet cover up,vintage crochet,filet crochet",crochet pattern,gift for her,little black jacket,elegant evening wear,lacy shirt for her,dressy womens shirt,crochet blouse,women's crochet top,lace crochet,casual ladies top,filet cover up,vintage crochet,filet crochet
"PDF Vintage Crochet Pattern for Long Sleeve Summer Top, Filet Crochet Blouse, B30 to B35&quot;, Digital Download",https://www.etsy.com/listing/1891159098/pdf-vintage-crochet-pattern-for-long,PreservePatterns,https://www.etsy.com/shop/PreservePatterns,4.99,0,0,0,0,0,13 Mo.,203,0,1002,Craft Supplies & Tools,17,33,0.0,216,"vintage pattern pdf,digital download,preserve patterns,women woman ladies,vtg crochet pattern,mandarin collar,see through blouse,filet crochet shirt,b30 b32 b34 b35,floral supper top,70s boho crocheted,pullover blouse,pretty overblouse",vintage pattern pdf,digital download,preserve patterns,women woman ladies,vtg crochet pattern,mandarin collar,see through blouse,filet crochet shirt,b30 b32 b34 b35,floral supper top,70s boho crocheted,pullover blouse,pretty overblouse
"Crochet V Neck Mesh Top Pattern, Openwork Summer Shirt, 9 Sizes XS to 5XL, Intermediate Garment PDF",https://www.etsy.com/listing/4509338249/crochet-v-neck-mesh-top-pattern-openwork,GlitteredCrochet,https://www.etsy.com/shop/GlitteredCrochet,6.95,0,0,0,0,0,1 Mo.,0,0,0,Craft Supplies & Tools,2,0,0.0,948,"crochet top pattern,mesh crochet top,crochet shirt patter,summer crochet top,beginner crochet,crochet clothing,modern crochet,diy crochet top,crochet garment,crochet summer,v neck top,filet mesh top,boho summer top",crochet top pattern,mesh crochet top,crochet shirt patter,summer crochet top,beginner crochet,crochet clothing,modern crochet,diy crochet top,crochet garment,crochet summer,v neck top,filet mesh top,boho summer top
Crochet Blouse Pattern Women Crochet Top Pattern Crochet Shirt Pattern Crochet Tunic Sweater Pattern Crochet Summer Shirt PDF,https://www.etsy.com/listing/4306471325/crochet-blouse-pattern-women-crochet-top,LoopsCraafts,https://www.etsy.com/shop/LoopsCraafts,7.99,0,0,0,0,0,2 Mo.,1,0,11,Craft Supplies & Tools,5,0,0.0,612,"blusas crochet mujer,womens crochet shirt,crochet summer shirt,crochet top pattern,tunic crochet top,crochet shirt pdf,summer crochet tunic,crochet top diy,crochet sweater top,crochet shirt women,minimalist top,filet sweater,crochet blouse",blusas crochet mujer,womens crochet shirt,crochet summer shirt,crochet top pattern,tunic crochet top,crochet shirt pdf,summer crochet tunic,crochet top diy,crochet sweater top,crochet shirt women,minimalist top,filet sweater,crochet blouse
"Faux Yarn Lets Get Lit Png, Christmas Tree Png, Holiday Png, Ornament Png, Sublimation Png, Digital Download, 300 dpi Transparent PNG",https://www.etsy.com/listing/4389306017/faux-yarn-lets-get-lit-png-christmas,LimitlessPrintsHub,https://www.etsy.com/shop/LimitlessPrintsHub,4.17,0,0,0,0,0,1 Mo.,0,0,0,Art & Collectibles,60,0,0.0,1576,"christmas tree png,holiday tree png,ornament png file,t shirt designs,printable design,christmas clipart,holiday clipart,tree clipart png,lit png design,ornament clipart,latch hook,faux embroidery,crochet style png",christmas tree png,holiday tree png,ornament png file,t shirt designs,printable design,christmas clipart,holiday clipart,tree clipart png,lit png design,ornament clipart,latch hook,faux embroidery,crochet style png
Boho Filet Crop Top Pattern | Multilingual Diamond Halter Design | DIY Summer Cotton Vest,https://www.etsy.com/listing/4496410583/boho-filet-crop-top-pattern-multilingual,EmeraldStudioHub,https://www.etsy.com/shop/EmeraldStudioHub,6.75,0,0,0,0,0,1 Mo.,4,0,18,Craft Supplies & Tools,19,0,0.0,49,"boho filet crop top,geometric bralette,festival fashion,handmade gift idea,hippie style shirt,modern crochet wear,intermediate project,pdf tutorial guide,crochet motif art,customizable sizes,slow fashion piece,resort wear idea,vacation outfit",boho filet crop top,geometric bralette,festival fashion,handmade gift idea,hippie style shirt,modern crochet wear,intermediate project,pdf tutorial guide,crochet motif art,customizable sizes,slow fashion piece,resort wear idea,vacation outfit
Vintage PDF Pattern for Filet Crochet Over Blouse Instant Download,https://www.etsy.com/listing/768587577/vintage-pdf-pattern-for-filet-crochet,AngiesCrochetAttic,https://www.etsy.com/shop/AngiesCrochetAttic,2.75,0,0,0,0,0,76 Mo.,335,0,597,Craft Supplies & Tools,193,0,0.0,11863,"vintage,pattern,pdf pattern,filet crochet,blouse,overblouse,top,lacy top,shirt,instant download,crochet,thread crochet,clothing",vintage,pattern,pdf pattern,filet crochet,blouse,overblouse,top,lacy top,shirt,instant download,crochet,thread crochet,clothing
"Patron Crochet Top Filet PDF – Haut Crochet Aéré pour Femme, Pull Filet Été, Modèle Débardeur Crochet Moderne, Niveau Intermédiaire",https://www.etsy.com/listing/4492802029/crochet-mesh-top-pattern-pdf-womens-airy,LittleYarnStudioCo,https://www.etsy.com/shop/LittleYarnStudioCo,5.85,0,0,0,0,0,1 Mo.,2,0,22,Craft Supplies & Tools,2,0,0.0,117,"patron haut crochet,crochet top pattern,haut filet crochet,crochet summer top,top crochet moderne,patron crochet pdf,débardeur crochet,filet crochet,crochet shirt,patron pull été,crochet débutant,crochet fait main,patron de crochet",patron haut crochet,crochet top pattern,haut filet crochet,crochet summer top,top crochet moderne,patron crochet pdf,débardeur crochet,filet crochet,crochet shirt,patron pull été,crochet débutant,crochet fait main,patron de crochet
"By-Mail Printed Vintage Crochet Pattern for Summer Blouse Pullover with Mandarin Collar, Long Sleeve Top  Paper Pattern Mailed to You",https://www.etsy.com/listing/4297880342/by-mail-printed-vintage-crochet-pattern,PreservePatterns,https://www.etsy.com/shop/PreservePatterns,4.99,0,0,0,0,0,13 Mo.,14,0,124,Craft Supplies & Tools,17,0,0.0,216,"preserve patterns,women woman ladies,70s seventies 1970s,paper pattern,sent by mail mailed,summer pullover,b30 b32 b34 b35,crochet pattern,long sleeve top,filet crochet blouse,crocheted shirt,mandarin collar,bust 30 32 34 35",preserve patterns,women woman ladies,70s seventies 1970s,paper pattern,sent by mail mailed,summer pullover,b30 b32 b34 b35,crochet pattern,long sleeve top,filet crochet blouse,crocheted shirt,mandarin collar,bust 30 32 34 35
Vintage Filet Crochet Pattern Eyelet Design Crop Top PDF Instant Digital Download Women&#39;s Trendy Lacy Blouse Jumper Summer Belly Shirt,https://www.etsy.com/listing/1762052125/vintage-filet-crochet-pattern-eyelet,ChickieByTheSea,https://www.etsy.com/shop/ChickieByTheSea,2.85,0,0,0,11,1,22 Mo.,454,0,2399,Craft Supplies & Tools,97,39,0.46,45779,"vintage pattern,crochet tops,lacy top,crochet tank top,pdf instant download,crochet pattern,summer tops,womens crochet top,christmas gifts,crop top,belly shirt,filet crochet,sexy top",vintage pattern,crochet tops,lacy top,crochet tank top,pdf instant download,crochet pattern,summer tops,womens crochet top,christmas gifts,crop top,belly shirt,filet crochet,sexy top
Handmade Crochet White Lace Top Boho Mesh Beach Cover Up Filet Bralette Summer Festival Shirt European Vacation Fairycore Clothing,https://www.etsy.com/listing/4469583976/handmade-crochet-white-lace-top-boho,KillinitStudio,https://www.etsy.com/shop/KillinitStudio,39.90,0,0,0,0,0,2 Mo.,11,0,111,Clothing,6,0,0.0,163,"white crochet top,filet crochet shirt,mesh beach cover up,boho lace bralette,european summer wear,summer festival top,romantic cottagecore,fairycore clothing,halter neck bralette,y2k summer fashion,handmade crochet top,delicate knit top,cowgirl outfit",white crochet top,filet crochet shirt,mesh beach cover up,boho lace bralette,european summer wear,summer festival top,romantic cottagecore,fairycore clothing,halter neck bralette,y2k summer fashion,handmade crochet top,delicate knit top,cowgirl outfit
Vintage Filet Crochet Top Pattern PDF | Retro Summer Tee with Butterfly & Tulip Motif | Light Cotton Mesh Crochet Shirt | Lacy Summer Blouse,https://www.etsy.com/listing/4304619497/vintage-filet-crochet-top-pattern-pdf,VintagePatternHaven,https://www.etsy.com/shop/VintagePatternHaven,1.78,0,0,0,0,0,12 Mo.,84,0,460,Craft Supplies & Tools,22,0,0.0,9891,"filet crochet top,filet crochet tshirt,short sleeve crochet,summer crochet top,floral crochet top,lace crochet shirt,crochet blouse pdf,crochet mesh shirt,retro crochet shirt,feminine crochet top,crochet summer tee,vintage lace top pdf,cap sleeve crochet",filet crochet top,filet crochet tshirt,short sleeve crochet,summer crochet top,floral crochet top,lace crochet shirt,crochet blouse pdf,crochet mesh shirt,retro crochet shirt,feminine crochet top,crochet summer tee,vintage lace top pdf,cap sleeve crochet
Vintage Crochet Camisole Pattern • Filet Lace Summer Top • Boho Crochet Tank • Romantic Feminine Crochet Shirt • Beach or Festival Style,https://www.etsy.com/listing/4314212398/vintage-crochet-camisole-pattern-filet,VintagePatternHaven,https://www.etsy.com/shop/VintagePatternHaven,1.85,0,0,0,15,1,11 Mo.,81,0,467,Craft Supplies & Tools,22,0,3.21,9891,"crochet camisole pdf,filet crochet top,summer crochet top,filet lace crochet,crochet tank top pdf,lace crochet shirt,boho crochet top pdf,70s crochet top pdf,beach top crochet,dainty crochet top,sleeveless crochet,cottagecore top pdf,floral crochet top",crochet camisole pdf,filet crochet top,summer crochet top,filet lace crochet,crochet tank top pdf,lace crochet shirt,boho crochet top pdf,70s crochet top pdf,beach top crochet,dainty crochet top,sleeveless crochet,cottagecore top pdf,floral crochet top
Filet Crochet Tee Shirt | Women&#39;s Crochet Pattern PDF,https://www.etsy.com/listing/1713374347/womens-summer-tee-shirt-crochet-pattern,BeatrixByHand,https://www.etsy.com/shop/BeatrixByHand,2.00,0,0,0,0,0,25 Mo.,18,0,139,Craft Supplies & Tools,52,0,0.0,1675,"knitpattern,crochet pattern,womens knits,1980s pattern,vintage knits,vintage crochet,filet crochet,tee shirt",knitpattern,crochet pattern,womens knits,1980s pattern,vintage knits,vintage crochet,filet crochet,tee shirt,--,--,--,--,--
"Filet Crochet Top Pattern, Summer Lace Shirt, Boho Beach Cover Up (PDF Download)",https://www.etsy.com/listing/4514598208/filet-crochet-top-pattern-summer-lace,ibravuzfuturegent,https://www.etsy.com/shop/ibravuzfuturegent,7.99,0,0,0,0,0,1 Mo.,0,0,7,Craft Supplies & Tools,6,0,0.0,1431,"filet crochet top,crochet top pdf,summer crochet,boho crochet top,beach cover up,lace crochet top,crochet shirt pdf,mesh crochet top,crochet pattern,festival top,womens crochet,summer top pdf,crochet blouse",filet crochet top,crochet top pdf,summer crochet,boho crochet top,beach cover up,lace crochet top,crochet shirt pdf,mesh crochet top,crochet pattern,festival top,womens crochet,summer top pdf,crochet blouse
vintage filet crochet top crochet pattern pdf womens mens childs filet crochet shirt sweater 22-26&quot; 32-42&quot; thread crochet instant download,https://www.etsy.com/listing/799138405/vintage-filet-crochet-top-crochet,Hobohooks,https://www.etsy.com/shop/Hobohooks,2.00,0,0,0,15,1,73 Mo.,118,0,960,Craft Supplies & Tools,142,0,1.56,209405,"vintage,filet crochet top,crochet pattern pdf,crochet,pattern,crochet patterns,womens crochet top,mens crochet top,childs crochet to,crochet top,crochet sweater,thread crochet,pdf",vintage,filet crochet top,crochet pattern pdf,crochet,pattern,crochet patterns,womens crochet top,mens crochet top,childs crochet to,crochet top,crochet sweater,thread crochet,pdf
"Mesh Filet Crochet Bunny T-Shirt: Black Short Sleeve Top, One Size",https://www.etsy.com/listing/4415249409/mesh-filet-crochet-bunny-t-shirt-black,SolelyMade,https://www.etsy.com/shop/SolelyMade,45.00,0,0,0,0,0,5 Mo.,10,0,38,Clothing,71,0,0.0,305,"filet crochet,bunny t-shirt,crochet mesh,crochet top,short sleeve top,crochet bunny,mesh top,graphic tee,rabbit,t shirt,handmade fashion,nature graphic,cottagecore crochet",filet crochet,bunny t-shirt,crochet mesh,crochet top,short sleeve top,crochet bunny,mesh top,graphic tee,rabbit,t shirt,handmade fashion,nature graphic,cottagecore crochet
Honey to the Bee cardigan crochet pattern,https://www.etsy.com/listing/4346665979/honey-to-the-bee-cardigan-crochet,Manateesquares,https://www.etsy.com/shop/Manateesquares,4.73,0,0,0,19,2,9 Mo.,83,0,513,Craft Supplies & Tools,128,25,3.7,5102,"crochet sweater,crochet pattern,crochet,crochet button up,crochet shirt,crochet top,filet crochet,crochet jumper",crochet sweater,crochet pattern,crochet,crochet button up,crochet shirt,crochet top,filet crochet,crochet jumper,--,--,--,--,--
"Crochet Top Pattern — Filet Mesh Summer Top, Easy Crochet Pattern PDF, Women&#39;s Sleeveless Crochet Shirt, Beach Cover Up Pattern",https://www.etsy.com/listing/4499657898/crochet-top-pattern-filet-mesh-summer,DreamwoodCrochet,https://www.etsy.com/shop/DreamwoodCrochet,3.99,0,0,0,0,0,1 Mo.,2,0,23,Craft Supplies & Tools,3,0,0.0,403,"crochet top pattern,filet crochet pdf,mesh crochet top,summer crochet,crochet shirt,beach cover up,womens crochet,crochet pattern pdf,sleeveless top,easy crochet,digital download,crochet beach top,crochet pattern",crochet top pattern,filet crochet pdf,mesh crochet top,summer crochet,crochet shirt,beach cover up,womens crochet,crochet pattern pdf,sleeveless top,easy crochet,digital download,crochet beach top,crochet pattern
Crochet Vest Pattern: Lacy Floral Cover Up (Digital Download),https://www.etsy.com/listing/1735062801/crochet-vest-pattern-lacy-floral-cover,HookedonPatternsShop,https://www.etsy.com/shop/HookedonPatternsShop,1.99,0,0,0,27,2,24 Mo.,86,0,1428,Craft Supplies & Tools,26,25,1.89,8945,"gift for her,crochet pattern,floral shirt for her,cover up shirt,lacy lacey women,ladies top,one size fits all,white,filet,texture,summer crochet,elegant style,vintage crochet",gift for her,crochet pattern,floral shirt for her,cover up shirt,lacy lacey women,ladies top,one size fits all,white,filet,texture,summer crochet,elegant style,vintage crochet
"Floral Lace Crochet Top Pattern, Vest Tie Design (PDF Pattern)",https://www.etsy.com/listing/4371500325/floral-lace-crochet-top-pattern-vest-tie,CazzyCraft,https://www.etsy.com/shop/CazzyCraft,7.99,0,0,0,0,0,7 Mo.,0,0,5,Craft Supplies & Tools,8,0,0.0,167,"crochet clothes,filet crochet shirt,crochet lacy vest,lace leaf top,modest crochet top,filet sweater top,boho crochet,hollow lace crochet,lace motif top,crochet floral lace,crochet lace top,filet crochet vest,floral lace top",crochet clothes,filet crochet shirt,crochet lacy vest,lace leaf top,modest crochet top,filet sweater top,boho crochet,hollow lace crochet,lace motif top,crochet floral lace,crochet lace top,filet crochet vest,floral lace top
Crochet Pattern // Net Mesh Lace Crochet Tee Open Weave Squares Filet Boxy T-Shirt // Topaz Tee Pattern PDF,https://www.etsy.com/listing/1010089103/crochet-pattern-net-mesh-lace-crochet,TwoOfWandsShop,https://www.etsy.com/shop/TwoOfWandsShop,8.00,0,0,0,523,44,61 Mo.,1460,1,16961,Craft Supplies & Tools,154,72,3.08,45928,"two of wands,lion brand,cropped tee,crochet tee,crochet t-shirt,net tee,net t-shirt,mesh tee,mesh t-shirt,open weave,filet crochet,summer sweater,short sleeve crochet",two of wands,lion brand,cropped tee,crochet tee,crochet t-shirt,net tee,net t-shirt,mesh tee,mesh t-shirt,open weave,filet crochet,summer sweater,short sleeve crochet
Vintage Crochet Yoke with Peacocks - Filet Crochet Top Trim,https://www.etsy.com/listing/1288796815/vintage-crochet-yoke-with-peacocks-filet,TreasuresTooVintage,https://www.etsy.com/shop/TreasuresTooVintage,18.00,0,0,0,0,0,45 Mo.,65,0,441,Craft Supplies & Tools,117,0,0.0,1027,"crochet yoke,filet crochet yoke,vintage crochet yoke,crochet yoke-peacock,yoke for garment,yoke for nightgown,yoke for sundress,trim for sweater,trim for tee shirt,crochet trim,filet crochet",crochet yoke,filet crochet yoke,vintage crochet yoke,crochet yoke-peacock,yoke for garment,yoke for nightgown,yoke for sundress,trim for sweater,trim for tee shirt,crochet trim,filet crochet,--,--
"Boho Crochet Mandala Crop Top Pattern – Fringed Halter, Multi-Language (PDF)",https://www.etsy.com/listing/4408473226/boho-crochet-mandala-crop-top-pattern,theweekendknitco,https://www.etsy.com/shop/theweekendknitco,6.98,0,0,0,0,0,6 Mo.,65,0,391,Craft Supplies & Tools,7,30,0.0,396,"crochet pattern,mandala crop top,fringed top pdf,festival crochet,halter top pattern,boho style knit,crochet summer top,instant download,filet crochet shirt,crochet beachwear,crochet instructions,diy crochet kit,beginner friendly",crochet pattern,mandala crop top,fringed top pdf,festival crochet,halter top pattern,boho style knit,crochet summer top,instant download,filet crochet shirt,crochet beachwear,crochet instructions,diy crochet kit,beginner friendly
"Crochet Heart Vest Pattern, Filet Boho Summer Tank (PDF Download)",https://www.etsy.com/listing/4514560950/crochet-heart-vest-pattern-filet-boho,ibravuzfuturegent,https://www.etsy.com/shop/ibravuzfuturegent,7.99,0,0,0,0,0,1 Mo.,1,0,8,Craft Supplies & Tools,6,0,0.0,1431,"crochet vest pdf,heart vest pattern,filet crochet top,boho vest pattern,crochet tank pdf,summer crochet,womens vest pdf,crochet shirt pdf,tie side vest,heart crochet pdf,festival outfit,instant download,crochet pattern",crochet vest pdf,heart vest pattern,filet crochet top,boho vest pattern,crochet tank pdf,summer crochet,womens vest pdf,crochet shirt pdf,tie side vest,heart crochet pdf,festival outfit,instant download,crochet pattern
"Skeleton Sweater Crochet for Women, Filet Crochet Tops Women, Gothic Crochet Mesh Skull Shirt, Crochet Mesh Skeleton Blouse, Mesh Sweater",https://www.etsy.com/listing/1705018236/skeleton-sweater-crochet-for-women-filet,BENILYS,https://www.etsy.com/shop/BENILYS,315.00,0,0,0,2,1,25 Mo.,46,0,1023,Clothing,61,0,0.2,1338,"crochet mesh sweater,skeleton sweater,crochet for women,crochet sweater,filet crochet tops,crochet tops women,gothic crochet shirt,mesh skull shirt,crochet mesh blouse,mesh skeleton blouse,festival gothic top,for music festivals,boho hippie top",crochet mesh sweater,skeleton sweater,crochet for women,crochet sweater,filet crochet tops,crochet tops women,gothic crochet shirt,mesh skull shirt,crochet mesh blouse,mesh skeleton blouse,festival gothic top,for music festivals,boho hippie top
Vintage Crochet Camisole Pattern | Beginner Womens Summer Top | Sleeveless Tank Top Pattern | Filet Lace Cotton Top | PDF Instant Download,https://www.etsy.com/listing/4475468982/vintage-crochet-camisole-pattern,GrannyDigital,https://www.etsy.com/shop/GrannyDigital,4.99,0,0,0,0,0,2 Mo.,1,0,18,Craft Supplies & Tools,134,0,0.0,416,"crochet pattern t shirt,crochet blouse with sleeves,crochet cotton tops pdf,vintage crochet pattern,summer crochet top pattern,summer sleeveless pattern,camisole crochet pattern,beginner friendly crochet,boho beach crochet top,crochet tank top pattern,cotton crochet top pattern,filet crochet style blouse pdf,diy summer outfit",crochet pattern t shirt,crochet blouse with sleeves,crochet cotton tops pdf,vintage crochet pattern,summer crochet top pattern,summer sleeveless pattern,camisole crochet pattern,beginner friendly crochet,boho beach crochet top,crochet tank top pattern,cotton crochet top pattern,filet crochet style blouse pdf,diy summer outfit
Men&#39;s Short Sleeve Summer Shirt Crochet Pattern - Quick &#39;n Easy Crochet,https://www.etsy.com/listing/1289098197/mens-short-sleeve-summer-shirt-crochet,BlueSquarePatterns,https://www.etsy.com/shop/BlueSquarePatterns,1.43,0,0,0,34,4,45 Mo.,196,0,2995,Craft Supplies & Tools,45,30,1.14,825,"mens boys jumper,top sweater winter,collared shirt filet,retro 80s vintage,crochet wool craft,pattern blueprint,stitch how to,sustainable eco,download free,style aesthetic,digital online pdf,striped ribbed",mens boys jumper,top sweater winter,collared shirt filet,retro 80s vintage,crochet wool craft,pattern blueprint,stitch how to,sustainable eco,download free,style aesthetic,digital online pdf,striped ribbed,--
Lacey Tetris Crochet Top Pattern,https://www.etsy.com/listing/4505643467/lacey-tetris-crochet-top-pattern,LalaBeCrocheting,https://www.etsy.com/shop/LalaBeCrocheting,7.33,0,0,0,0,0,1 Mo.,3,0,58,Craft Supplies & Tools,30,25,0.0,2506,"crochet,crochet top,crochet pattern,crochet top pattern,top pattern,t-shirt pattern,crochet t-shirt,crochet shirt,lacey crochet,lace crochet pattern,filet crochet,summer crochet top,asymmetric  top",crochet,crochet top,crochet pattern,crochet top pattern,top pattern,t-shirt pattern,crochet t-shirt,crochet shirt,lacey crochet,lace crochet pattern,filet crochet,summer crochet top,asymmetric  top
"Flora filet crochet top pattern, cardigan, pattern pdf download, instruction, file download, beginner filet crochet, cardigan shirt, summer",https://www.etsy.com/listing/4347432328/flora-filet-crochet-top-pattern-cardigan,BLONDESdk,https://www.etsy.com/shop/BLONDESdk,7.02,0,0,0,24,0,5 Mo.,319,0,2323,Craft Supplies & Tools,13,99,1.03,1674,"crochet,filet,pattern,pdf,download,file,summer,handmade,diy,beginner,shirt,cardigan,button up",crochet,filet,pattern,pdf,download,file,summer,handmade,diy,beginner,shirt,cardigan,button up
CROCHET PATTERN & VIDEO| Verona Tee | Filet Crochet t-shirt Pattern | Stylish Sleeveless Beginner Crochet Top | Pdf by HanJan,https://www.etsy.com/listing/1047708669/crochet-pattern-video-verona-tee-crochet,HanJanCrochet,https://www.etsy.com/shop/HanJanCrochet,15.99,0,0,0,202,15,58 Mo.,452,0,5652,Craft Supplies & Tools,172,36,3.57,107320,"crochet pattern,easy crochet,summer crochet,spring crochet,modern crochet,simple crochet top,filet crochet,crochet t-shirt,crochet tee,v neck top,handmade beachwear,crochet top pattern,sleeveless crochet",crochet pattern,easy crochet,summer crochet,spring crochet,modern crochet,simple crochet top,filet crochet,crochet t-shirt,crochet tee,v neck top,handmade beachwear,crochet top pattern,sleeveless crochet
"Zestaw 3 wzorów | KORONKA NIETOPERZ | Kardigan, worek na zamek i gotycki kwadrat | 3 PDFy ze zdjęciami, schematami i instrukcjami!",https://www.etsy.com/listing/1897250577/zestaw-3-wzorow-o-koronka-nietoperz-o,SleepingFruitBatArt,https://www.etsy.com/shop/SleepingFruitBatArt,10.47,0,0,0,1,1,13 Mo.,109,0,514,Craft Supplies & Tools,20,0,0.19,60,"rock alternative bat,delicate subtle soft,glam fashion style,see-through gentle,grotesque darkness,glamorous postpunk,black spooky present,goth gothic cute bat,filet crochet lace,corpo goth black pdf,shirt top longsleeve,big night plus size,pack bundle batch",rock alternative bat,delicate subtle soft,glam fashion style,see-through gentle,grotesque darkness,glamorous postpunk,black spooky present,goth gothic cute bat,filet crochet lace,corpo goth black pdf,shirt top longsleeve,big night plus size,pack bundle batch
"Crochet Pattern Flower sweater, women pullover, crochet filet top, T-shirt, DIY beginner photo tutorial, PDF Instant download",https://www.etsy.com/listing/4320925267/crochet-pattern-flower-sweater-women,AnaDdesign,https://www.etsy.com/shop/AnaDdesign,8.91,0,0,0,66,6,11 Mo.,513,1,3414,Craft Supplies & Tools,185,78,1.93,20329,"crochet pattern,sweater,women,pullover,summer,top,woman,christmas,flower,filet crochet,beginner crochet,made to measure,filet",crochet pattern,sweater,women,pullover,summer,top,woman,christmas,flower,filet crochet,beginner crochet,made to measure,filet
"Mesh Filet Crochet Swan T-Shirt: Coquette Short Sleeve Top, One Size",https://www.etsy.com/listing/4415162757/mesh-filet-crochet-swan-t-shirt-coquette,SolelyMade,https://www.etsy.com/shop/SolelyMade,45.00,0,0,0,0,0,5 Mo.,9,0,53,Clothing,71,0,0.0,305,"filet crochet,swan t-shirt,crochet swan,t-shirt,short sleeve top,coquette top,mesh top,crochet mesh,crochet top,white swan,patchwork tshirt,graphic tee,handmade fashion",filet crochet,swan t-shirt,crochet swan,t-shirt,short sleeve top,coquette top,mesh top,crochet mesh,crochet top,white swan,patchwork tshirt,graphic tee,handmade fashion
Don&#39;t Talk To Me I&#39;m Counting SVG: Crochet T-Shirt Design (Digital Download),https://www.etsy.com/listing/1534807281/dont-talk-to-me-im-counting-svg-crochet,HoneyBreeCrafting,https://www.etsy.com/shop/HoneyBreeCrafting,2.00,0,0,0,0,0,34 Mo.,3,0,43,Art & Collectibles,80,0,0.0,963,"crochet,fiber arts,crochet cut file,cut file for cricut,svg for silhouette,svg for cricut,coffee cut file,arts and crafts svg,crafty t-shirt,crafty tote bag,tote bag cut file,t-shirt cut file,crafter",crochet,fiber arts,crochet cut file,cut file for cricut,svg for silhouette,svg for cricut,coffee cut file,arts and crafts svg,crafty t-shirt,crafty tote bag,tote bag cut file,t-shirt cut file,crafter
Blusa vintage anni 70 realizzata in cotone all’uncinetto / 1970s vintage crochet top,https://www.etsy.com/listing/4511396162/blusa-vintage-anni-70-realizzata-in,VirginiaBecketStudio,https://www.etsy.com/shop/VirginiaBecketStudio,48.84,0,0,0,0,0,1 Mo.,6,0,47,Clothing,83,25,0.0,1695,"crochet top,crochet tops,filet crochet top,summer crochet top,boho crochet top,vintage crochet tops,vintage filet top,1970s crochet top,filet crochet,hippie clothing,hippie top,hippie shirt,hippie",crochet top,crochet tops,filet crochet top,summer crochet top,boho crochet top,vintage crochet tops,vintage filet top,1970s crochet top,filet crochet,hippie clothing,hippie top,hippie shirt,hippie
Crochet Pattern Tank Top - Crochet Summer Tank women Pattern - Crochet top pattern - Women Size (5 Sizes: S to XXL) - Pdf Files in English,https://www.etsy.com/listing/4501372700/crochet-pattern-tank-top-crochet-summer,HomeCrochetDesign,https://www.etsy.com/shop/HomeCrochetDesign,6.44,0,0,0,0,0,1 Mo.,1,0,7,Craft Supplies & Tools,65,0,0.0,7454,"summer top pattern,crochet top pattern,crochet tank top women,filet crochet pattern,easy crochet,crochet beginner,lace crochet pattern,summer crochet,sleeveless top crochet,stripe top crochet,short sleeve top crochet,women crochet top pattern,tank shirt crochet",summer top pattern,crochet top pattern,crochet tank top women,filet crochet pattern,easy crochet,crochet beginner,lace crochet pattern,summer crochet,sleeveless top crochet,stripe top crochet,short sleeve top crochet,women crochet top pattern,tank shirt crochet
Ämmä&#39;s crop-top with filet design - PDF pattern,https://www.etsy.com/listing/4334809227/ammas-crop-top-with-filet-design-pdf,AMMAcraft,https://www.etsy.com/shop/AMMAcraft,3.49,0,0,0,1,1,10 Mo.,22,0,518,Craft Supplies & Tools,72,25,0.19,47,"instant download pdf,summer shirt,sleeveless crochet,step-by-step guide,handmade garment,festival apparel,warm weather outfit,unique to you,easy to follow,print pattern,heegeldatud pluus,filet design,crop-top vibe",instant download pdf,summer shirt,sleeveless crochet,step-by-step guide,handmade garment,festival apparel,warm weather outfit,unique to you,easy to follow,print pattern,heegeldatud pluus,filet design,crop-top vibe
"PDF Crochet Pattern for Bell-Sleeve Summer Top, Boho Vintage Blouse Pattern, Romantic Lacy Cotton Sweater, B31 to B37&quot; Digital Download",https://www.etsy.com/listing/1897057321/pdf-crochet-pattern-for-bell-sleeve,PreservePatterns,https://www.etsy.com/shop/PreservePatterns,4.99,0,0,0,0,0,13 Mo.,8,0,63,Craft Supplies & Tools,17,0,0.0,216,"vintage pattern pdf,digital download,preserve patterns,women woman ladies,vtg crochet pattern,b31 b32 b33 b34,b36 b37 summer top,filet crochet blouse,bell sleeve sweater,romantic feminine,lace crochet shirt,airy pretty dressy,summer top pattern",vintage pattern pdf,digital download,preserve patterns,women woman ladies,vtg crochet pattern,b31 b32 b33 b34,b36 b37 summer top,filet crochet blouse,bell sleeve sweater,romantic feminine,lace crochet shirt,airy pretty dressy,summer top pattern
Crochet Top Pattern | &quot;Boho Breeze&quot; Openwork Summer Shirt | Women&#39;s Lacy Boxy Pullover | Easy Shell Stitch Tee | Instant PDF Download,https://www.etsy.com/listing/4500143312/crochet-top-pattern-boho-breeze-openwork,LittleYarnLabStore,https://www.etsy.com/shop/LittleYarnLabStore,5.52,0,0,0,0,0,1 Mo.,2,0,82,Craft Supplies & Tools,2,0,0.0,160,"crochet top pattern,summer crochet tee,shell stitch sweater,boxy crochet top,lacy pullover pattern,openwork shirt,boho crochet clothes,filet crochet pdf,women crochet top,layering crop top,inclusive size pattern,instant download,easy crochet clothes",crochet top pattern,summer crochet tee,shell stitch sweater,boxy crochet top,lacy pullover pattern,openwork shirt,boho crochet clothes,filet crochet pdf,women crochet top,layering crop top,inclusive size pattern,instant download,easy crochet clothes
Crochet Filet Blouse • Summer Polo Shirt 1970s Vintage Crochet Pattern,https://www.etsy.com/listing/4336842526/crochet-filet-blouse-summer-polo-shirt,BeatrixByHand,https://www.etsy.com/shop/BeatrixByHand,2.00,0,0,0,0,0,10 Mo.,59,0,191,Craft Supplies & Tools,52,0,0.0,1675,"crochet,vintage pattern,crochet pattern,beach dress,spring knit,1970s,cami top,polo shirt,crochet top,filet crochet,crochet blouse,crochet short sleeve",crochet,vintage pattern,crochet pattern,beach dress,spring knit,1970s,cami top,polo shirt,crochet top,filet crochet,crochet blouse,crochet short sleeve,--
"Emerald Isle Mesh Top Crochet Pattern, Simple Filet Stitch Sweater PDF",https://www.etsy.com/listing/4514145757/emerald-isle-mesh-top-crochet-pattern,ClickCraftCanvas,https://www.etsy.com/shop/ClickCraftCanvas,4.00,0,0,0,0,0,1 Mo.,0,0,3,Craft Supplies & Tools,2,0,0.0,18,"mesh top crochet,filet stitch diy,crochet sweater,summer top pdf,boho camisole,easy green shirt,breezy jumper,beginner garment,lace pullover,festival clothes,cotton yarn diy,size inclusive,pdf download",mesh top crochet,filet stitch diy,crochet sweater,summer top pdf,boho camisole,easy green shirt,breezy jumper,beginner garment,lace pullover,festival clothes,cotton yarn diy,size inclusive,pdf download
It&#39;s Crochet Not Knitting SVG / Crochet / T-Shirt / Tote Bag / Fiber Arts,https://www.etsy.com/listing/1586793561/its-crochet-not-knitting-svg-crochet-t,HoneyBreeCrafting,https://www.etsy.com/shop/HoneyBreeCrafting,2.00,0,0,0,0,0,31 Mo.,1,0,5,Art & Collectibles,80,0,0.0,963,"crochet,fiber arts,crochet cut file,cut file for cricut,svg for silhouette,svg for cricut,coffee cut file,arts and crafts svg,crafty t-shirt,crafty tote bag,tote bag cut file,t-shirt cut file,crafter",crochet,fiber arts,crochet cut file,cut file for cricut,svg for silhouette,svg for cricut,coffee cut file,arts and crafts svg,crafty t-shirt,crafty tote bag,tote bag cut file,t-shirt cut file,crafter
"Granny Square Crochet Sweater Pattern, Filet Pullover PDF, Floral Motifs (Digital Download)",https://www.etsy.com/listing/4487320389/granny-square-crochet-sweater-pattern,Vlcrochetpatterns,https://www.etsy.com/shop/Vlcrochetpatterns,6.99,0,0,0,0,0,1 Mo.,3,0,89,Craft Supplies & Tools,3,30,0.0,81,"crochet vest pattern,filet crochetpattern,grannysquarepatterns,granny squaresweater,granny squarepattern,grannysquarecardigan,crochet vest,crochet sweater,sweater patterns,filet crochet,filet crochet shirt,tank top pattern,crochet jacket",crochet vest pattern,filet crochetpattern,grannysquarepatterns,granny squaresweater,granny squarepattern,grannysquarecardigan,crochet vest,crochet sweater,sweater patterns,filet crochet,filet crochet shirt,tank top pattern,crochet jacket
Size women&#39;s M Summer clothes Filet crochet top Cotton blouse Women&#39;s mesh T-shirt Cotton boho clothes Clothing for rest Green color,https://www.etsy.com/listing/1895480863/size-womens-m-summer-clothes-filet,DelicateKnitByMary,https://www.etsy.com/shop/DelicateKnitByMary,62.00,0,0,0,0,0,14 Mo.,5,0,28,Clothing,106,0,0.0,76,"summer clothes,size women's m,filet crochet top,cotton blouse,clothing for rest,green color,women's mesh t-shirt,cotton boho clothes,deep neckline top,summer lace blouse,cotton knitted top,knitting for women,knitted blouse",summer clothes,size women's m,filet crochet top,cotton blouse,clothing for rest,green color,women's mesh t-shirt,cotton boho clothes,deep neckline top,summer lace blouse,cotton knitted top,knitting for women,knitted blouse
Crochet Knitting PNG | Just Let Me Finish This Row png|Funny Yarn Crafter Sublimation Design Digital Download,https://www.etsy.com/listing/4473437717/funny-crochet-png-just-let-me-finish,TrenFid,https://www.etsy.com/shop/TrenFid,2.70,0,0,0,0,0,2 Mo.,2,0,85,Art & Collectibles,6,0,0.0,18,"finish this row png,purple yarn clipart,knitting humor png,funny crochet design,yarn lover clipart,crafter quote png,knitter sublimation,crochet shirt file,yarn addict download,funny crafter png,crafting humor file,teal and purple art,hobby digital art",finish this row png,purple yarn clipart,knitting humor png,funny crochet design,yarn lover clipart,crafter quote png,knitter sublimation,crochet shirt file,yarn addict download,funny crafter png,crafting humor file,teal and purple art,hobby digital art
Lacey Tetris Crochet Top Pattern,https://www.etsy.com/listing/4505643467/lacey-tetris-crochet-top-pattern,LalaBeCrocheting,https://www.etsy.com/shop/LalaBeCrocheting,7.33,0,0,0,0,0,1 Mo.,7,0,123,Craft Supplies & Tools,30,25,0.0,2512,"crochet,crochet top,crochet pattern,crochet top pattern,top pattern,t-shirt pattern,crochet t-shirt,crochet shirt,lacey crochet,lace crochet pattern,filet crochet,summer crochet top,asymmetric  top",crochet,crochet top,crochet pattern,crochet top pattern,top pattern,t-shirt pattern,crochet t-shirt,crochet shirt,lacey crochet,lace crochet pattern,filet crochet,summer crochet top,asymmetric  top
Handmade filet crochet floral summer tank/shirt/blouse/top 100% cotton,https://www.etsy.com/listing/4342974067/handmade-filet-crochet-floral-summer,Pillyloom,https://www.etsy.com/shop/Pillyloom,96.00,0,0,0,0,0,4 Mo.,6,0,46,Clothing,4,0,0.0,0,"",--,--,--,--,--,--,--,--,--,--,--,--,--
Filet Crochet Shirt | Heavy-weight Custom Shirt | Gift for Her | Summer wear | Hand-loomed Summer Mesh Top | Artisanal Cotton Knit,https://www.etsy.com/listing/4493050005/filet-crochet-shirt-heavy-weight-custom,LOOTCHByAZ,https://www.etsy.com/shop/LOOTCHByAZ,200.00,0,0,0,0,0,1 Mo.,0,0,3,Clothing,0,0,0.0,0,"filet crochet shirt,custom crochet top,handmade knit shirt,summer crochet wear,heavy-weight cotton,hand-loomed fiber,summerween outfit,birthday gift her,festival wardrobe,coastal dark gothic,structured knitwear,brutalist crochet,summer shirt",filet crochet shirt,custom crochet top,handmade knit shirt,summer crochet wear,heavy-weight cotton,hand-loomed fiber,summerween outfit,birthday gift her,festival wardrobe,coastal dark gothic,structured knitwear,brutalist crochet,summer shirt
Palm Beach Filet Crochet Men&#39;s Summer Shirt Pattern (PDF),https://www.etsy.com/listing/4483827768/palm-beach-filet-crochet-mens-summer,urbanintl,https://www.etsy.com/shop/urbanintl,7.99,0,0,0,0,0,1 Mo.,12,0,138,Clothing,7,0,0.0,97,"palmbeachshirt,crochetpatternpdf,menscrochettop,summershirtmen,filetcrochettop,beachwearpattern,crochetshirtpdf,diymensclothing,lightsummertop,crochetformen,handmadeshirtpdf,patterndownload,crochetbeachtop",palmbeachshirt,crochetpatternpdf,menscrochettop,summershirtmen,filetcrochettop,beachwearpattern,crochetshirtpdf,diymensclothing,lightsummertop,crochetformen,handmadeshirtpdf,patterndownload,crochetbeachtop
Crochet Collars Book 3 - Thread Crochet Patterns,https://www.etsy.com/listing/4400952482/crochet-collars-book-3-thread-crochet,SecondChapterCrafts,https://www.etsy.com/shop/SecondChapterCrafts,4.00,0,0,0,0,0,6 Mo.,2,0,4,Craft Supplies & Tools,171,0,0.0,82,"crochet collar,filet crochet,lace accessory,accessories,1980s vintage,thread work,elegant,dainty,embellishment,shirt upcycle,old patterns,vintage 80s,gift for mother",crochet collar,filet crochet,lace accessory,accessories,1980s vintage,thread work,elegant,dainty,embellishment,shirt upcycle,old patterns,vintage 80s,gift for mother
"Geomantic Lace Tee, A-Line Filet Crochet Top with Geometric Back Detail, Seamless Cotton Summer Blouse, Multi-Size 39-55&quot; Chest",https://www.etsy.com/listing/4503841795/geomantic-lace-tee-a-line-filet-crochet,Onlineist,https://www.etsy.com/shop/Onlineist,5.46,0,0,0,0,0,1 Mo.,0,0,0,Art & Collectibles,4,0,0.0,322,"filet lace pattern,summer tee crochet,seamless garment,cotton lace shirt,modern filet crochet,plus size crochet,triangular lace back,geometric  top,a-line blouse,intermediate pattern,handmade summer",filet lace pattern,summer tee crochet,seamless garment,cotton lace shirt,modern filet crochet,plus size crochet,triangular lace back,geometric  top,a-line blouse,intermediate pattern,handmade summer,--,--
"3 Crochet Pattern Bundle, Crochet Summer Top Patterns for Women, Boho Mesh Pullover, Short Sleeve Lace Blouse, Easy Crochet PDF Tutorial",https://www.etsy.com/listing/4468041155/3-crochet-pattern-bundle-crochet-summer,EmmaCrochetPatterns,https://www.etsy.com/shop/EmmaCrochetPatterns,13.03,0,0,0,0,0,2 Mo.,22,0,226,Craft Supplies & Tools,4,33,0.0,322,"crochet pattern,crochet summer top,boho crochet,mesh pullover,lace blouse pattern,women crochet pdf,crochet bundle,diy clothes,filet crochet,summer sweater,handmade gift,crochet shirt,modern crochet",crochet pattern,crochet summer top,boho crochet,mesh pullover,lace blouse pattern,women crochet pdf,crochet bundle,diy clothes,filet crochet,summer sweater,handmade gift,crochet shirt,modern crochet
Crocheted Top Pattern Digital Download Vintage Crochet Pattern,https://www.etsy.com/listing/486594742/crocheted-top-pattern-digital-download,MomentsInTwine,https://www.etsy.com/shop/MomentsInTwine,3.69,0,0,0,29,2,113 Mo.,121,0,678,Craft Supplies & Tools,135,0,4.28,25352,"crochet rose shirt,crochet rose top,crochetshirtpattern,rosepulloverpattern,vintage crochet,crochet rose blouse,crochet pattern,patterns for crochet,crocheted sweaters,filet crochet top,filet rose pattern,rose filet slipover,rose crochet jumper",crochet rose shirt,crochet rose top,crochetshirtpattern,rosepulloverpattern,vintage crochet,crochet rose blouse,crochet pattern,patterns for crochet,crocheted sweaters,filet crochet top,filet rose pattern,rose filet slipover,rose crochet jumper
"Dragon Knitting SVG, Dragon Crocheting Clipart, Crochet Yarn Cut File, Knitting Needle Silhouette Cricut, Digital Sticker Download pdf DXF",https://www.etsy.com/listing/1572382794/dragon-knitting-svg-dragon-crocheting,FlyingSunset,https://www.etsy.com/shop/FlyingSunset,3.00,0,0,0,26,4,31 Mo.,31,0,252,Craft Supplies & Tools,52,0,10.32,9525,"cute yarn cut file t,grandma sweater love,crochet bundle svg,laser engrave sign,dragon wyvern lizard,i love to knit shirt,yarn heart ball sock,iron on vinyl decal,instant download 1,chibi dragon craft,flying sunset design,kawaii animal decor,wall clip art vector",cute yarn cut file t,grandma sweater love,crochet bundle svg,laser engrave sign,dragon wyvern lizard,i love to knit shirt,yarn heart ball sock,iron on vinyl decal,instant download 1,chibi dragon craft,flying sunset design,kawaii animal decor,wall clip art vector
Crochet Polo Shirt Pattern - Crochet polo sweater pattern - Polo NERINA - Women Size (S to XXXL) - Pdf Files in English & French,https://www.etsy.com/listing/1870797025/crochet-polo-shirt-pattern-crochet-polo,HomeCrochetDesign,https://www.etsy.com/shop/HomeCrochetDesign,7.03,0,0,0,92,7,15 Mo.,636,0,6265,Craft Supplies & Tools,65,99,1.47,7454,"crochet pattern,collared shirt,oversize shirt,crochet polo,polo shirt,summer top,filet crochet,cotton shirt,crochet blouse,crochet sweater top,loose crochet top,crochet top pattern,crochet shirt pattern",crochet pattern,collared shirt,oversize shirt,crochet polo,polo shirt,summer top,filet crochet,cotton shirt,crochet blouse,crochet sweater top,loose crochet top,crochet top pattern,crochet shirt pattern
crochet png crochet svg crochet png bundle sublimination commercial use crochet eps dxf cricut cut file t shirt design,https://www.etsy.com/listing/1805631343/crochet-png-crochet-svg-crochet-png,CraftyArtCafe,https://www.etsy.com/shop/CraftyArtCafe,2.99,0,0,0,10,1,19 Mo.,67,0,1044,Art & Collectibles,52,25,0.96,233112,"crochet png,crochet svg,crochet eps,crochet dxf,crochet bunde,crochet vector,shirt design,sublimination,cricut,cut file",crochet png,crochet svg,crochet eps,crochet dxf,crochet bunde,crochet vector,shirt design,sublimination,cricut,cut file,--,--,--
Butterfly Filet Crochet Sweater - Mariposa - CROCHET PATTERN,https://www.etsy.com/listing/819448332/butterfly-filet-crochet-sweater-mariposa,LuloStitchCo,https://www.etsy.com/shop/LuloStitchCo,8.72,0,0,0,23,2,70 Mo.,100,0,915,Craft Supplies & Tools,108,0,2.51,7418,"easy crochet pattern,rustic,crochet pattern,modern,boho sweater,festival shirt,boho crochet top,trendy shirt,chic blouse,off the shoulder,boat neck,filet crochet",easy crochet pattern,rustic,crochet pattern,modern,boho sweater,festival shirt,boho crochet top,trendy shirt,chic blouse,off the shoulder,boat neck,filet crochet,--
Sac a main Veronica crochet fait main avec fil de tee-shirt différant couleurs sac de l&#39;été idéale tout occasions,https://www.etsy.com/listing/1747626066/sac-a-main-veronica-crochet-fait-main,ELIZYcreation,https://www.etsy.com/shop/ELIZYcreation,55.73,0,0,0,0,0,22 Mo.,2,0,313,Bags & Purses,32,0,0.0,20,"sac filet,sac a main,sac a epaule,crochet,bohème,hippi,sac a main moderne,sac a main avec fil tee shirt,sac fait main filet,moderne crochet,sac crochet différents couleur,sac d&#39;été,crochet market tote",sac filet,sac a main,sac a epaule,crochet,bohème,hippi,sac a main moderne,sac a main avec fil tee shirt,sac fait main filet,moderne crochet,sac crochet différents couleur,sac d&#39;été,crochet market tote
"Crochet Pattern Top PDF, Mesh Top Crochet Pattern, Summer Crochet Top, Boho,  Crochet Blouse, East Crochet Top Pattern",https://www.etsy.com/listing/4501934931/crochet-pattern-top-pdf-mesh-top-crochet,Vlcrochetpatterns,https://www.etsy.com/shop/Vlcrochetpatterns,7.99,0,0,0,1,0,1 Mo.,4,0,33,Craft Supplies & Tools,3,0,3.03,81,"mesh top,crochet pattern top,crochet vest,sweater vest,halter top pattern,summer top pattern,tank top pattern,crop top pattern,filet crochetpattern,filet crochet shirt,crochet vest pattern,fall crochet pattern,crochet pattern",mesh top,crochet pattern top,crochet vest,sweater vest,halter top pattern,summer top pattern,tank top pattern,crop top pattern,filet crochetpattern,filet crochet shirt,crochet vest pattern,fall crochet pattern,crochet pattern
Camisole Crochet Pattern - Rose Filet Tank Top Lace Net Mesh Rosette,https://www.etsy.com/listing/679274954/camisole-crochet-pattern-rose-filet-tank,PatternGrove,https://www.etsy.com/shop/PatternGrove,3.00,0,0,0,25,2,86 Mo.,294,0,1761,Craft Supplies & Tools,106,0,1.42,3766,"net lace tank top,crochet mesh top,rose graph pattern,filet mesh rose,filet mesh flower,filet crochet flower,crochet rose shirt,rose tank top,crochet camisole top,rosette camisole top,womens size 6 8,womens size 10 12 14,lace rose camisole",net lace tank top,crochet mesh top,rose graph pattern,filet mesh rose,filet mesh flower,filet crochet flower,crochet rose shirt,rose tank top,crochet camisole top,rosette camisole top,womens size 6 8,womens size 10 12 14,lace rose camisole
Crochet Summer Top Pattern - Boho Filet Lacy Beach Cover Up Festival Shirt Lightweight PDF,https://www.etsy.com/listing/4499410855/crochet-summer-top-pattern-boho-filet,WeLove2Retro,https://www.etsy.com/shop/WeLove2Retro,1.50,0,0,0,0,0,1 Mo.,8,0,40,Craft Supplies & Tools,50,0,0.0,25539,"summer crochet top,crochet sun top,boho crochet top,boho crochet pattern,easy crochet pattern,easy crochet top,lacy crochet top,filet crochet top,beach crochet top,cotton crochet top,crochet tank top,crochet blouse,vintage crochet top",summer crochet top,crochet sun top,boho crochet top,boho crochet pattern,easy crochet pattern,easy crochet top,lacy crochet top,filet crochet top,beach crochet top,cotton crochet top,crochet tank top,crochet blouse,vintage crochet top
"Filet CROCHET PATTERNS, Beach Tunic Crochet Pattern, Crochet Tunic Cover Up Pattern, Kids Beach Cover Up Dress, pdf Download, English Only",https://www.etsy.com/listing/1861510096/filet-crochet-patterns-beach-tunic,MyCosyHouseFantasy,https://www.etsy.com/shop/MyCosyHouseFantasy,2.68,0,0,0,0,0,15 Mo.,2,0,212,Craft Supplies & Tools,50,0,0.0,13304,"filet crochet,filet patterns,child tunic pattern,crochet beach tunic,tunic baby girl,kids' crochet top,crochet pattern,toddler beach shirts,v-neck tunic,toddler tunic,toddler tunic tops,beach toddler dress,baby tunic dress",filet crochet,filet patterns,child tunic pattern,crochet beach tunic,tunic baby girl,kids' crochet top,crochet pattern,toddler beach shirts,v-neck tunic,toddler tunic,toddler tunic tops,beach toddler dress,baby tunic dress
Vintage Filet Crochet Lace Rose Tank Top Pattern Retro Floral Romantic Camisole PDF Instant Digital Download Flower Summer Blouse 4 Ply,https://www.etsy.com/listing/4307723675/vintage-filet-crochet-lace-rose-tank-top,PastPatternPaloozaCo,https://www.etsy.com/shop/PastPatternPaloozaCo,1.90,0,0,0,10,1,12 Mo.,84,0,378,Craft Supplies & Tools,47,0,2.65,110267,"vintage crochet,filet lace camisole,glam girl chic,cotton crochet top,cotton filet crochet,crochet clothing pdf,womens crochet top,floral roses,dressy romantic,ladies feminine top,lacy tank shirt,springtime spring,roses rose floral",vintage crochet,filet lace camisole,glam girl chic,cotton crochet top,cotton filet crochet,crochet clothing pdf,womens crochet top,floral roses,dressy romantic,ladies feminine top,lacy tank shirt,springtime spring,roses rose floral
Tic Tac Toe Tee CROCHET PATTERN,https://www.etsy.com/listing/1485361989/tic-tac-toe-tee-crochet-pattern,TiffMarraffa,https://www.etsy.com/shop/TiffMarraffa,7.00,0,0,0,24,4,36 Mo.,113,0,1168,Craft Supplies & Tools,120,0,2.05,523,"crochet,pattern,beach,coverup,crochet coverup,crochet pattern,summer,filet crochet,crochet shirt,button up,crochet shirt dress,tic tac toe tee,made to measure",crochet,pattern,beach,coverup,crochet coverup,crochet pattern,summer,filet crochet,crochet shirt,button up,crochet shirt dress,tic tac toe tee,made to measure
Crochet Knitting Number 11 Royal Society Filet Butterfly Yoke Shirt Waist Striped Purse Sport Vest Tam Lampshade Scarf Craft Pattern Leaflet,https://www.etsy.com/listing/604782690/crochet-knitting-number-11-royal-society,howtobooksandmore,https://www.etsy.com/shop/howtobooksandmore,8.00,0,0,0,0,0,95 Mo.,7,0,43,Craft Supplies & Tools,202,0,0.0,6800,"crochet and knitting,number 11,royal society,filet butterfly,yoke shirt waist,striped purse,sport vest tam,lamp shade,scarf craft,pattern leaflet,baby clothes,sweater vest,howtobooksandmore",crochet and knitting,number 11,royal society,filet butterfly,yoke shirt waist,striped purse,sport vest tam,lamp shade,scarf craft,pattern leaflet,baby clothes,sweater vest,howtobooksandmore
"Funny Crochet Shirt, Weekend Forecast Crochet No House Cleaning Tee, Gift for Crocheter, Yarn Lover Tshirt, Knitting and Crochet Humor Shirt",https://www.etsy.com/listing/4490496338/funny-crochet-shirt-weekend-forecast,LushPrintablesGifts,https://www.etsy.com/shop/LushPrintablesGifts,15.90,0,0,0,0,0,1 Mo.,3,0,4,Clothing,13,0,0.0,1037,"crafter gift,crochet and knitting,crochet lover shirt,crochetage shirt,filet crochet shirt,tapestry crochet,cute crochet shirt,crochet shirt,yarn lover tee,knitting humor tee,hobby shirt,crocheter mom gift,funny crochet gift",crafter gift,crochet and knitting,crochet lover shirt,crochetage shirt,filet crochet shirt,tapestry crochet,cute crochet shirt,crochet shirt,yarn lover tee,knitting humor tee,hobby shirt,crocheter mom gift,funny crochet gift
Crochet Polo Shirt Pattern – Men&#39;s Modern Filet Button-Up Top (Instant Download),https://www.etsy.com/listing/4475183052/crochet-pattern-mesh-polo-shirt-modern,printhivecozy,https://www.etsy.com/shop/printhivecozy,4.99,0,0,0,0,0,2 Mo.,33,0,497,Craft Supplies & Tools,3,60,0.0,63,"mens crochet shirt,crochet summer top,crochet shirt pdf,unisex crochet top,handmade shirt diy,lightweight crochet,festival crochet top,diy gift for him,crochet clothing,crochet button-up,crochet button-down,crochet mens shirt,mens crochet pattern",mens crochet shirt,crochet summer top,crochet shirt pdf,unisex crochet top,handmade shirt diy,lightweight crochet,festival crochet top,diy gift for him,crochet clothing,crochet button-up,crochet button-down,crochet mens shirt,mens crochet pattern
"No.83 Vintage Crochet Pattern PDF Women&#39;s Filet Crochet Tunic or Dress w/ Greek Key Motif 1970&#39;s - Instant Download -  Bust 34&quot;, 38&quot;, 41&quot;",https://www.etsy.com/listing/104393717/no83-vintage-crochet-pattern-pdf-womens,TickTockKnits,https://www.etsy.com/shop/TickTockKnits,3.99,0,0,0,73,7,166 Mo.,741,0,7335,Craft Supplies & Tools,176,0,1.0,15252,"crocheting pattern,vintage pattern pdf,crocheted dress,crochet pattern pdf,vintage crochet pdf,charted chart,filet crochet,crocheted sweater,teen girl top,lacey crochet shirt,retro crochet,pattern crochet pdf,pattern for a woman",crocheting pattern,vintage pattern pdf,crocheted dress,crochet pattern pdf,vintage crochet pdf,charted chart,filet crochet,crocheted sweater,teen girl top,lacey crochet shirt,retro crochet,pattern crochet pdf,pattern for a woman
"Filet Crochet Blouse Pattern PDF, Summer Crochet Top Tutorial, Digital Pattern for Women’s Lace Blouse, DIY Crochet Shirt, Instant Download",https://www.etsy.com/listing/4304968836/filet-crochet-blouse-pattern-pdf-summer,CupidoCrochetStudio,https://www.etsy.com/shop/CupidoCrochetStudio,10.00,0,0,0,0,0,5 Mo.,105,0,964,Craft Supplies & Tools,19,54,0.0,5,"",--,--,--,--,--,--,--,--,--,--,--,--,--
Teal Crochet Halter Top: Sheer Boho Festival Clothing,https://www.etsy.com/listing/4369274208/teal-crochet-halter-top-sheer-boho,TuffHandicraft,https://www.etsy.com/shop/TuffHandicraft,90.00,0,0,0,0,0,8 Mo.,3,0,131,Clothing,33,0,0.0,110,"filet crochet top,crochet halter top,handmade summer top,boho crochet blouse,teal crochet shirt,crochet festival top,crochet lace top,sustainable fashion,crochet beachwear,rave outfit,gift ideas,handmade crop top,summer wear",filet crochet top,crochet halter top,handmade summer top,boho crochet blouse,teal crochet shirt,crochet festival top,crochet lace top,sustainable fashion,crochet beachwear,rave outfit,gift ideas,handmade crop top,summer wear
"Faux Knit PNG, Valentine&#39;s Day Yarn T-shirt PNG, Cute Crochet Bestie Heart Design, Digital Download Sublimation Art, A753",https://www.etsy.com/listing/4423228252/faux-knit-png-valentines-day-yarn-t,seamlesspatternpng,https://www.etsy.com/shop/seamlesspatternpng,3.99,0,0,0,0,0,5 Mo.,0,0,5,Art & Collectibles,37,0,0.0,12332,"sublimation design,sublimation png,tshirt png design,digital product,shirt png design,shirt file,t shirt file,bestie heart art,retro shirt art,faux knit png,instant download,faux yarn png,crochet heart png",sublimation design,sublimation png,tshirt png design,digital product,shirt png design,shirt file,t shirt file,bestie heart art,retro shirt art,faux knit png,instant download,faux yarn png,crochet heart png
"Crochet SVG: If I Can&#39;t Take My Crochet, I&#39;m Not Going (Digital Download)",https://www.etsy.com/listing/1570176547/crochet-svg-if-i-cant-take-my-crochet-im,HoneyBreeCrafting,https://www.etsy.com/shop/HoneyBreeCrafting,2.00,0,0,0,0,0,32 Mo.,5,0,39,Art & Collectibles,80,0,0.0,963,"crochet,fiber arts,crochet cut file,cut file for cricut,svg for silhouette,svg for cricut,coffee cut file,arts and crafts svg,crafty t-shirt,crafty tote bag,tote bag cut file,t-shirt cut file,funny crafting shirt",crochet,fiber arts,crochet cut file,cut file for cricut,svg for silhouette,svg for cricut,coffee cut file,arts and crafts svg,crafty t-shirt,crafty tote bag,tote bag cut file,t-shirt cut file,funny crafting shirt
Magic Crochet Number 96 April 1995,https://www.etsy.com/listing/1482291384/magic-crochet-number-96-april-1995,CurioFindDesigns,https://www.etsy.com/shop/CurioFindDesigns,6.99,0,0,0,0,0,35 Mo.,4,0,185,Craft Supplies & Tools,82,0,0.0,612,"tablecloth,doily,filet crochet,placemat,bedspread,barbie dress,motif,coasters,edging,cardigan,t-shirt,hat,bolero",tablecloth,doily,filet crochet,placemat,bedspread,barbie dress,motif,coasters,edging,cardigan,t-shirt,hat,bolero
Crochet Mode On SVG / Crochet / T-Shirt / Tote Bag / Fiber Arts,https://www.etsy.com/listing/1486179462/crochet-mode-on-svg-crochet-t-shirt-tote,HoneyBreeCrafting,https://www.etsy.com/shop/HoneyBreeCrafting,2.00,0,0,0,6,1,35 Mo.,16,0,100,Art & Collectibles,80,0,6.0,963,"crochet,fiber arts,crochet cut file,cut file for cricut,svg for silhouette,svg for cricut,coffee cut file,arts and crafts svg,crafty t-shirt,crafty tote bag,tote bag cut file,t-shirt cut file,crafter",crochet,fiber arts,crochet cut file,cut file for cricut,svg for silhouette,svg for cricut,coffee cut file,arts and crafts svg,crafty t-shirt,crafty tote bag,tote bag cut file,t-shirt cut file,crafter
Oversized Mesh Crochet Kimono Pattern| Lightweight Summer Cardigan Design |Boho Filet Crochet Top | Customizable Vertical Panel PDF Tutorial,https://www.etsy.com/listing/4440315592/oversized-mesh-crochet-kimono-pattern,AZVOS,https://www.etsy.com/shop/AZVOS,3.50,0,0,0,0,0,4 Mo.,4,0,89,Craft Supplies & Tools,6,0,0.0,131,"microfiber yarn,crochet pdf tutorial,lightweight layering,kimono jacket,panel sweater,fine yarn crochet,filet crochet,boho crochet shirt,summer crochet style,oversized crochet,mesh cardigan,crochet kimono,pattern",microfiber yarn,crochet pdf tutorial,lightweight layering,kimono jacket,panel sweater,fine yarn crochet,filet crochet,boho crochet shirt,summer crochet style,oversized crochet,mesh cardigan,crochet kimono,pattern
"Wzór na szydełko - Kardigan w koronkowe nietoperze, z guzikami",https://www.etsy.com/listing/1789688373/wzor-na-szydeko-kardigan-w-koronkowe,SleepingFruitBatArt,https://www.etsy.com/shop/SleepingFruitBatArt,6.40,0,0,0,1,1,20 Mo.,329,0,2656,Clothing,20,42,0.04,60,"goth vampire attire,vamp gothic funeral,macabre wicked witch,emo low sew buttons,alternative ruffle,filet crochet thread,easy size plus long,sweater cardigan top,see through lace bat,long sleeve festival,spiderweb chains web,shirt shrug edgy,cropped summer atumn",goth vampire attire,vamp gothic funeral,macabre wicked witch,emo low sew buttons,alternative ruffle,filet crochet thread,easy size plus long,sweater cardigan top,see through lace bat,long sleeve festival,spiderweb chains web,shirt shrug edgy,cropped summer atumn
"Crochet Butterfly Sweater Pattern, Bell Sleeve Top (PDF Download)",https://www.etsy.com/listing/4479074157/crochet-butterfly-sweater-pattern-bell,Vlcrochetpatterns,https://www.etsy.com/shop/Vlcrochetpatterns,11.00,0,0,0,0,0,2 Mo.,3,0,31,Craft Supplies & Tools,3,0,0.0,81,"crochet vest,crochet vest pattern,crochet pattern top,crochet tote pattern,mesh shirt,crochet pattern,granny squaresweater,butterfly cardigan,filet crochet,halter top pattern,crop top pattern,summer top pattern,bell sleeve top",crochet vest,crochet vest pattern,crochet pattern top,crochet tote pattern,mesh shirt,crochet pattern,granny squaresweater,butterfly cardigan,filet crochet,halter top pattern,crop top pattern,summer top pattern,bell sleeve top
Boho Crochet Smock Pattern – Retro Filet Tunic Top – Romantic Vintage Puff Sleeve Shirt – Cottagecore Crochet Pattern – 70s Long Shirt PDF,https://www.etsy.com/listing/4314855853/boho-crochet-smock-pattern-retro-filet,VintagePatternHaven,https://www.etsy.com/shop/VintagePatternHaven,1.85,0,0,0,15,1,11 Mo.,120,0,755,Craft Supplies & Tools,22,30,1.99,9891,"boho crochet smock,puff sleeve top pdf,boho crochet top pdf,70s crochet pattern,romantic crochet top,long crochet tunic,long sleeve smock,farmcore top pdf,flowy sleeve top pdf,vintage boho top pdf,filet crochet top,filet crochet blouse,pretty retro crochet",boho crochet smock,puff sleeve top pdf,boho crochet top pdf,70s crochet pattern,romantic crochet top,long crochet tunic,long sleeve smock,farmcore top pdf,flowy sleeve top pdf,vintage boho top pdf,filet crochet top,filet crochet blouse,pretty retro crochet
